,importance,latitude,longitude,prices,sale_dates,Non-Newbuild,Detached,Flat,Semi Detached,Terraced,Freehold,Leasehold,amenity,building,highway,landuse,place,cafe,fast_food,footway,house,living_street,neighbourhood,pedestrian,primary,residential,restaurant,secondary,service,studio,suburb,tertiary,trunk,uncategoryified,yes
0,0.5199999999999999,51.57634,-0.0316566,560000.0,2018-10-29,True,False,False,False,True,True,False,False,False,True,False,False,False,False,False,False,False,False,False,False,True,False,False,False,False,False,False,False,False,False
1,0.4209999999999999,51.4615392368421,-0.129039184210526,1550000.0,2018-10-26,True,False,False,False,True,True,False,False,False,False,False,True,False,False,False,True,False,False,False,False,False,False,False,False,False,False,False,False,False,False
2,0.4209999999999999,51.5955986142857,-0.033173,1575000.0,2018-10-26,True,False,False,False,True,True,False,False,False,False,False,True,False,False,False,True,False,False,False,False,False,False,False,False,False,False,False,False,False,False
3,0.61,51.5936829,-0.1832073,1100000.0,2018-10-26,True,False,False,True,False,True,False,False,False,True,False,False,False,False,False,False,False,False,False,True,False,False,False,False,False,False,False,False,False,False
4,0.6199999999999999,51.580105,-0.0123,395000.0,2018-10-26,True,False,True,False,False,False,True,False,False,True,False,False,False,False,False,False,False,False,False,False,True,False,False,False,False,False,False,False,False,False
5,0.6299999999999999,51.6278453,-0.0039897,340000.0,2018-10-26,True,False,True,False,False,False,True,False,False,True,False,False,False,False,False,False,False,False,False,False,True,False,False,False,False,False,False,False,False,False
6,0.5199999999999999,51.4377674,-0.1535054,1830000.0,2018-10-26,True,False,False,False,True,True,False,False,False,True,False,False,False,False,False,False,False,False,False,False,True,False,False,False,False,False,False,False,False,False
7,0.61,51.5753007,-0.0998784,400000.0,2018-10-26,True,False,True,False,False,False,True,False,False,True,False,False,False,False,False,False,False,False,False,False,False,False,True,False,False,False,False,False,False,False
8,0.51,51.430727,-0.090553,1200000.0,2018-10-26,True,False,False,True,False,True,False,False,False,True,False,False,False,False,False,False,False,False,False,False,True,False,False,False,False,False,False,False,False,False
9,0.5209999999999999,51.53975265,-0.110125374798164,1811750.0,2018-10-26,True,False,False,False,True,True,False,False,True,False,False,False,False,False,False,False,False,False,False,False,False,False,False,False,False,False,False,False,False,True
10,0.71,51.5228042,-0.3234759,344896.0,2018-10-26,True,False,False,True,False,True,False,False,False,True,False,False,False,False,False,False,False,False,False,False,True,False,False,False,False,False,False,False,False,False
11,0.621,51.4633412,-0.07122545999999,1000000.0,2018-10-26,True,False,False,False,True,True,False,False,True,False,False,False,False,False,False,False,False,False,False,False,False,False,False,False,False,False,False,False,False,True
12,0.6199999999999999,51.5787701,-0.0148514,640000.0,2018-10-26,True,False,False,False,True,True,False,False,False,True,False,False,False,False,False,False,False,False,False,False,True,False,False,False,False,False,False,False,False,False
13,0.51,51.6123245,-0.1637704,620000.0,2018-10-26,True,False,False,False,True,True,False,False,False,True,False,False,False,False,False,False,False,False,False,False,True,False,False,False,False,False,False,False,False,False
14,0.61,51.5518861,-0.1826977,1187500.0,2018-10-26,True,False,True,False,False,False,True,False,False,True,False,False,False,False,False,False,False,False,False,False,True,False,False,False,False,False,False,False,False,False
15,0.51,51.624052,-0.2582474,660000.0,2018-10-26,True,False,False,True,False,True,False,False,False,True,False,False,False,False,False,False,False,False,False,False,True,False,False,False,False,False,False,False,False,False
16,0.61,51.4449404,0.0001533,520000.0,2018-10-25,True,False,False,False,True,True,False,False,False,True,False,False,False,False,False,False,False,False,False,False,True,False,False,False,False,False,False,False,False,False
17,0.4209999999999999,51.5920044,0.0241282,1022200.0,2018-10-25,True,False,False,True,False,True,False,False,False,False,False,True,False,False,False,True,False,False,False,False,False,False,False,False,False,False,False,False,False,False
18,0.71,51.5172051,-0.1862926,407500.0,2018-10-25,True,False,True,False,False,False,True,False,False,True,False,False,False,False,False,False,False,False,False,False,True,False,False,False,False,False,False,False,False,False
19,0.61,51.4837893,0.08733,515000.0,2018-10-25,True,False,False,True,False,True,False,False,False,True,False,False,False,False,False,False,False,False,False,False,True,False,False,False,False,False,False,False,False,False
20,0.51,51.3960956,-0.0721936,433150.0,2018-10-25,True,False,False,True,False,True,False,False,False,True,False,False,False,False,False,False,False,False,False,False,True,False,False,False,False,False,False,False,False,False
21,0.485,51.4615094,-0.1739363,435000.0,2018-10-25,True,False,True,False,False,False,True,False,False,True,False,False,False,False,False,False,False,False,False,False,False,False,False,True,False,False,False,False,False,False
22,0.51,51.4703003,-0.1288224,317000.0,2018-10-25,True,False,True,False,False,False,True,False,False,True,False,False,False,False,False,False,False,False,False,False,True,False,False,False,False,False,False,False,False,False
23,0.61,51.4406187,-0.1926423,735000.0,2018-10-25,True,False,False,True,False,True,False,False,False,True,False,False,False,False,False,False,False,False,False,False,True,False,False,False,False,False,False,False,False,False
24,0.51,51.4359465,0.0788074,544000.0,2018-10-25,True,False,False,True,False,True,False,False,False,True,False,False,False,False,False,False,False,False,False,False,True,False,False,False,False,False,False,False,False,False
25,0.51,51.5891685,-0.2795947,456785.0,2018-10-24,True,False,False,False,True,True,False,False,False,True,False,False,False,False,False,False,False,False,False,False,True,False,False,False,False,False,False,False,False,False
26,0.51,51.4813985,0.0263671,680000.0,2018-10-24,True,False,False,False,True,True,False,False,False,True,False,False,False,False,False,False,False,False,False,False,True,False,False,False,False,False,False,False,False,False
27,0.51,51.5552009,-0.0529347,850000.0,2018-10-24,True,False,False,False,True,True,False,False,False,True,False,False,False,False,False,False,False,False,False,False,True,False,False,False,False,False,False,False,False,False
28,0.71,51.4862724,0.0171657,1420000.0,2018-10-24,True,False,False,False,True,True,False,False,False,True,False,False,False,False,False,False,False,False,False,False,False,False,False,False,False,False,True,False,False,False
29,0.51,51.6136753,-0.1779029,625000.0,2018-10-24,True,False,False,False,True,True,False,False,False,True,False,False,False,False,False,False,False,False,False,False,False,False,False,False,False,False,False,False,True,False
30,0.51,51.4525524,-0.1385818,1505000.0,2018-10-24,True,False,False,False,True,True,False,False,False,True,False,False,False,False,False,False,False,False,False,False,True,False,False,False,False,False,False,False,False,False
31,0.5199999999999999,51.4713093,-0.15688,550000.0,2018-10-24,True,False,False,True,False,True,False,False,False,True,False,False,False,False,False,False,False,False,False,False,True,False,False,False,False,False,False,False,False,False
32,0.61,51.4240166,-0.2059878,1897000.0,2018-10-24,True,False,False,True,False,True,False,False,False,True,False,False,False,False,False,False,False,False,False,False,True,False,False,False,False,False,False,False,False,False
33,0.51,51.5601748,-0.1954305,2397132.0,2018-10-23,True,False,False,True,False,True,False,False,False,True,False,False,False,False,False,False,False,False,False,False,True,False,False,False,False,False,False,False,False,False
34,0.51,51.5714367,-0.1317442,1020000.0,2018-10-23,True,False,False,False,True,True,False,False,False,True,False,False,False,False,False,False,False,False,False,False,True,False,False,False,False,False,False,False,False,False
35,0.62,51.5051444,-0.2658743,562500.0,2018-10-23,True,False,True,False,False,False,True,False,False,True,False,False,False,False,False,False,False,False,False,False,False,False,False,False,False,False,False,False,True,False
36,0.61,51.4670374,-0.1223807,431250.0,2018-10-23,True,False,False,False,True,True,False,False,False,True,False,False,False,False,False,False,False,False,False,False,False,False,False,False,False,False,False,False,True,False
37,0.61,51.4103734,-0.2188204,655000.0,2018-10-23,True,False,False,False,True,True,False,False,False,True,False,False,False,False,False,False,False,False,False,False,True,False,False,False,False,False,False,False,False,False
38,0.51,51.4277623,-0.0207979,310000.0,2018-10-23,True,False,False,False,True,True,False,False,False,True,False,False,False,False,False,False,False,False,False,False,True,False,False,False,False,False,False,False,False,False
39,0.5402722515829559,51.5159711,-0.19962,2775000.0,2018-10-23,True,False,False,False,True,True,False,False,False,True,False,False,False,False,False,False,False,False,False,False,True,False,False,False,False,False,False,False,False,False
40,0.61,51.4670374,-0.1223807,525000.0,2018-10-23,True,False,True,False,False,False,True,False,False,True,False,False,False,False,False,False,False,False,False,False,False,False,False,False,False,False,False,False,True,False
41,0.51,51.54471765,-0.112802244638372,775000.0,2018-10-23,True,False,False,False,True,True,False,False,False,False,True,False,False,False,False,False,False,False,False,False,True,False,False,False,False,False,False,False,False,False
42,0.5309999999999999,51.6058482,-0.0150735,505000.0,2018-10-23,True,False,False,True,False,True,False,False,False,False,False,True,False,False,False,True,False,False,False,False,False,False,False,False,False,False,False,False,False,False
43,0.61,51.4166359,-0.0499437,525000.0,2018-10-23,True,False,False,False,True,True,False,False,False,True,False,False,False,False,False,False,False,False,False,True,False,False,False,False,False,False,False,False,False,False
44,0.5199999999999999,51.6037572,-0.0038373,486950.0,2018-10-23,True,False,False,False,True,True,False,False,False,True,False,False,False,False,False,False,False,False,False,False,True,False,False,False,False,False,False,False,False,False
45,0.61,51.4314921,-0.069203,720000.0,2018-10-22,True,True,False,False,False,True,False,False,False,True,False,False,False,False,False,False,False,False,False,False,False,False,False,False,False,False,True,False,False,False
46,0.51,51.5873534,-0.0757704,615000.0,2018-10-22,True,False,False,False,True,True,False,False,False,True,False,False,False,False,False,False,False,False,False,False,True,False,False,False,False,False,False,False,False,False
47,0.4209999999999999,51.5680687,0.0085821,85500.0,2018-10-22,True,False,False,True,False,True,False,True,False,False,False,False,False,True,False,False,False,False,False,False,False,False,False,False,False,False,False,False,False,False
48,0.61,51.4153971,-0.1954477,375000.0,2018-10-22,True,False,True,False,False,False,True,False,False,True,False,False,False,False,False,False,False,False,False,True,False,False,False,False,False,False,False,False,False,False
49,0.5199999999999999,51.4973784,-0.2570863,2565000.0,2018-10-22,True,False,False,False,True,True,False,False,False,True,False,False,False,False,False,False,False,False,False,False,True,False,False,False,False,False,False,False,False,False
50,0.621,51.53359115,-0.137853253051392,1100000.0,2018-10-22,True,False,True,False,False,True,False,True,False,False,False,False,False,False,False,False,False,False,False,False,False,True,False,False,False,False,False,False,False,False
51,0.51,51.5442526,0.0416405,450000.0,2018-10-22,True,False,False,False,True,True,False,False,False,True,False,False,False,False,False,False,False,False,False,False,True,False,False,False,False,False,False,False,False,False
52,0.61,51.6109393,-0.1494829,445000.0,2018-10-22,True,False,False,False,True,True,False,False,False,True,False,False,False,False,False,False,False,False,False,False,True,False,False,False,False,False,False,False,False,False
53,0.51,51.5064305,-0.1970303,2030000.0,2018-10-22,True,False,False,False,True,True,False,False,False,True,False,False,False,False,False,False,False,False,False,False,True,False,False,False,False,False,False,False,False,False
54,0.61,51.4878002,-0.0623072,150000.0,2018-10-22,True,False,True,False,False,False,True,False,False,True,False,False,False,False,False,False,False,False,False,False,True,False,False,False,False,False,False,False,False,False
55,0.5199999999999999,51.4246652,-0.1679724,500000.0,2018-10-22,True,False,True,False,False,False,True,False,False,True,False,False,False,False,False,False,False,False,False,False,True,False,False,False,False,False,False,False,False,False
56,0.51,51.4563697,-0.020707,350000.0,2018-10-22,True,False,True,False,False,False,True,False,False,True,False,False,False,False,False,False,False,False,False,False,True,False,False,False,False,False,False,False,False,False
57,0.51,51.5008967,0.1099501,252500.0,2018-10-22,True,False,True,False,False,True,False,False,False,True,False,False,False,False,False,False,False,False,False,False,True,False,False,False,False,False,False,False,False,False
58,0.56,51.5509571,0.1988709,835000.0,2018-10-22,True,False,False,False,True,True,False,False,False,False,False,True,False,False,False,False,False,False,False,False,False,False,False,False,False,True,False,False,False,False
59,0.61,51.4525455,0.0129334,204000.0,2018-10-22,True,False,True,False,False,False,True,False,False,True,False,False,False,False,False,False,False,False,False,False,True,False,False,False,False,False,False,False,False,False
60,0.41,51.4527227,-0.0274544590560818,252000.0,2018-10-22,True,False,True,False,False,False,True,False,False,True,False,False,False,False,False,False,False,False,False,False,True,False,False,False,False,False,False,False,False,False
61,0.51,51.4615101,0.0672193,405000.0,2018-10-22,True,False,False,False,True,True,False,False,False,True,False,False,False,False,False,False,False,False,False,False,True,False,False,False,False,False,False,False,False,False
62,0.51,51.4158269,-0.1146066,552000.0,2018-10-22,True,False,False,False,True,True,False,False,False,True,False,False,False,False,False,False,False,False,False,False,True,False,False,False,False,False,False,False,False,False
63,0.621,51.55035645,-0.106623521233987,1600000.0,2018-10-22,True,False,False,False,True,True,False,False,True,False,False,False,False,False,False,False,False,False,False,False,False,False,False,False,False,False,False,False,False,True
64,0.5209999999999999,51.4577497,-0.168006700000001,1315000.0,2018-10-22,True,False,False,False,True,True,False,False,True,False,False,False,False,False,False,False,False,False,False,False,False,False,False,False,False,False,False,False,False,True
65,0.621,51.53949845,-0.193035017740649,300000.0,2018-10-22,True,False,True,False,False,False,True,False,True,False,False,False,False,False,False,False,False,False,False,False,False,False,False,False,False,False,False,False,False,True
66,0.61,51.5898374,0.0276665,360000.0,2018-10-19,True,False,False,False,True,False,True,False,False,True,False,False,False,False,False,False,False,False,False,False,True,False,False,False,False,False,False,False,False,False
67,0.51,51.554111,-0.0868148,875000.0,2018-10-19,True,False,False,False,True,True,False,False,False,True,False,False,False,False,False,False,False,False,False,False,True,False,False,False,False,False,False,False,False,False
68,0.51,51.4901768,-0.2151271,990000.0,2018-10-19,True,False,False,False,True,True,False,False,False,True,False,False,False,False,False,False,False,False,False,False,True,False,False,False,False,False,False,False,False,False
69,0.51,51.4220425,-0.1458572,970000.0,2018-10-19,True,False,False,False,True,True,False,False,False,True,False,False,False,False,False,False,False,False,False,False,True,False,False,False,False,False,False,False,False,False
70,0.4209999999999999,51.46673295,0.159609255861428,490000.0,2018-10-19,True,False,True,False,False,False,True,False,True,False,False,False,False,False,False,False,False,False,False,False,False,False,False,False,False,False,False,False,False,True
71,0.6849999999999999,51.4591183,-0.0008346,310000.0,2018-10-19,True,False,True,False,False,False,True,False,False,True,False,False,False,False,False,False,False,False,False,False,False,False,False,True,False,False,False,False,False,False
72,0.61,51.4411249,0.0073961,410000.0,2018-10-19,True,False,False,False,True,True,False,False,False,True,False,False,False,False,False,False,False,False,False,False,True,False,False,False,False,False,False,False,False,False
73,0.6199999999999999,51.4873935,0.0879324,412000.0,2018-10-19,True,False,False,False,True,True,False,False,False,True,False,False,False,False,False,False,False,False,False,False,True,False,False,False,False,False,False,False,False,False
74,0.61,51.6052064,-0.0743217,570000.0,2018-10-19,True,False,False,False,True,True,False,False,False,True,False,False,False,False,False,False,False,False,False,False,False,False,False,False,False,False,True,False,False,False
75,0.61,51.4958669,-0.3104261,390000.0,2018-10-19,True,False,True,False,False,False,True,False,False,True,False,False,False,False,False,False,False,False,False,False,True,False,False,False,False,False,False,False,False,False
76,0.621,51.5140051,-0.2004915,2575000.0,2018-10-19,True,False,False,False,True,True,False,False,False,False,False,True,False,False,False,True,False,False,False,False,False,False,False,False,False,False,False,False,False,False
77,0.5199999999999999,51.5635738,-0.0069433,805000.0,2018-10-19,True,False,False,False,True,True,False,False,False,True,False,False,False,False,False,False,False,False,False,False,True,False,False,False,False,False,False,False,False,False
78,0.61,51.6244348,-0.1574097,280000.0,2018-10-19,True,False,True,False,False,False,True,False,False,True,False,False,False,False,False,False,False,False,False,False,True,False,False,False,False,False,False,False,False,False
79,0.5199999999999999,51.4083358,-0.1389892,361500.0,2018-10-19,True,False,False,False,True,True,False,False,False,True,False,False,False,False,False,False,False,False,False,False,True,False,False,False,False,False,False,False,False,False
80,0.621,51.6282475,-0.155409649256303,395000.0,2018-10-19,True,False,False,False,True,True,False,False,True,False,False,False,False,False,False,False,False,False,False,False,False,False,False,False,False,False,False,False,False,True
81,0.5199999999999999,51.5245369,-0.2883487,1050000.0,2018-10-19,True,True,False,False,False,True,False,False,False,True,False,False,False,False,False,False,False,False,False,False,True,False,False,False,False,False,False,False,False,False
82,0.5209999999999999,51.4560604,-0.066321147300605,1115000.0,2018-10-19,True,False,False,False,True,True,False,False,True,False,False,False,False,False,False,False,False,False,False,False,False,False,False,False,False,False,False,False,False,True
83,0.51,51.5811991,-0.082992,657700.0,2018-10-19,True,False,False,False,True,True,False,False,False,True,False,False,False,False,False,False,False,False,False,False,True,False,False,False,False,False,False,False,False,False
84,0.71,51.5759262,-0.0177814,630000.0,2018-10-19,True,False,False,False,True,True,False,False,False,True,False,False,False,False,False,False,False,False,False,False,True,False,False,False,False,False,False,False,False,False
85,0.5199999999999999,51.5194299,-0.1509647,502500.0,2018-10-19,True,False,True,False,False,False,True,False,False,True,False,False,False,False,False,False,False,False,False,False,True,False,False,False,False,False,False,False,False,False
86,0.51,51.5470812,-0.1294203,475000.0,2018-10-19,True,False,True,False,False,False,True,False,False,True,False,False,False,False,False,False,False,False,False,False,True,False,False,False,False,False,False,False,False,False
87,0.51,51.6417643,-0.0548036,490000.0,2018-10-19,True,False,False,False,True,True,False,False,False,True,False,False,False,False,False,False,False,False,False,False,True,False,False,False,False,False,False,False,False,False
88,0.51,51.5805224,-0.10281,835000.0,2018-10-19,True,False,False,False,True,True,False,False,False,True,False,False,False,False,False,False,False,False,False,False,True,False,False,False,False,False,False,False,False,False
89,0.51,51.6319573,-0.0489948,352000.0,2018-10-19,True,False,False,False,True,True,False,False,False,True,False,False,False,False,False,False,False,False,False,False,True,False,False,False,False,False,False,False,False,False
90,0.5309999999999999,51.5958498782609,-0.0166323739130435,773500.0,2018-10-19,True,False,False,False,True,True,False,False,False,False,False,True,False,False,False,True,False,False,False,False,False,False,False,False,False,False,False,False,False,False
91,0.51,51.5564263,-0.083998,500000.0,2018-10-19,True,False,True,False,False,False,True,False,False,True,False,False,False,False,False,False,False,False,False,False,False,False,True,False,False,False,False,False,False,False
92,0.5209999999999999,51.6338508,-0.174535303273855,1225000.0,2018-10-19,True,False,False,True,False,True,False,False,True,False,False,False,False,False,False,False,False,False,False,False,False,False,False,False,False,False,False,False,False,True
93,0.385,51.52405605,-0.009335076,300000.0,2018-10-19,True,False,True,False,False,False,True,False,False,True,False,False,False,False,False,False,False,False,False,False,False,False,False,True,False,False,False,False,False,False
94,0.61,51.590449,-0.107133,785000.0,2018-10-19,True,False,False,False,True,True,False,False,False,True,False,False,False,False,False,False,False,False,False,False,True,False,False,False,False,False,False,False,False,False
95,0.61,51.5843709,-0.2701739,710000.0,2018-10-19,True,False,False,True,False,True,False,False,False,True,False,False,False,False,False,False,False,False,False,False,True,False,False,False,False,False,False,False,False,False
96,0.71,51.488362,-0.2269384,395000.0,2018-10-19,True,False,True,False,False,False,True,False,False,True,False,False,False,False,False,False,False,False,False,False,True,False,False,False,False,False,False,False,False,False
97,0.5309999999999999,51.5867205,-0.02517005,425000.0,2018-10-19,True,False,False,False,True,False,True,False,False,False,False,True,False,False,False,True,False,False,False,False,False,False,False,False,False,False,False,False,False,False
98,0.61,51.5957895,-0.1444583,1170000.0,2018-10-19,True,False,False,True,False,True,False,False,False,True,False,False,False,False,False,False,False,False,False,False,False,False,True,False,False,False,False,False,False,False
99,0.51,51.5511386,0.0242466,385000.0,2018-10-19,True,False,False,False,True,True,False,False,False,True,False,False,False,False,False,False,False,False,False,False,True,False,False,False,False,False,False,False,False,False
100,0.51,51.531542,0.0456663,367500.0,2018-10-19,True,False,False,False,True,True,False,False,False,True,False,False,False,False,False,False,False,False,False,False,True,False,False,False,False,False,False,False,False,False
101,0.71,51.4887068,-0.1641509,2250000.0,2018-10-19,True,False,False,False,True,True,False,False,False,True,False,False,False,False,False,False,False,False,False,False,True,False,False,False,False,False,False,False,False,False
102,0.611,51.5214952,-0.030471891849871,725000.0,2018-10-19,True,False,False,False,True,True,False,False,True,False,False,False,False,False,False,False,False,False,False,False,False,False,False,False,False,False,False,False,False,True
103,0.5199999999999999,51.5693073,-0.0100941,530000.0,2018-10-19,True,False,False,False,True,True,False,False,False,True,False,False,False,False,False,False,False,False,False,False,True,False,False,False,False,False,False,False,False,False
104,0.51,51.5018964,-0.2471963,1240000.0,2018-10-19,True,False,False,False,True,True,False,False,False,True,False,False,False,False,False,False,False,False,False,False,True,False,False,False,False,False,False,False,False,False
105,0.61,51.5320692,-0.2947197,582500.0,2018-10-19,True,False,False,False,True,True,False,False,False,True,False,False,False,False,False,False,False,False,False,False,True,False,False,False,False,False,False,False,False,False
106,0.51,51.5080567,-0.2367697,460000.0,2018-10-19,True,False,True,False,False,False,True,False,False,True,False,False,False,False,False,False,False,False,False,False,True,False,False,False,False,False,False,False,False,False
107,0.61,51.3971519,-0.0873655,313000.0,2018-10-19,True,False,False,False,True,True,False,False,False,True,False,False,False,False,False,False,False,False,False,False,True,False,False,False,False,False,False,False,False,False
108,0.51,51.4234903,-0.1790943,294000.0,2018-10-19,True,False,True,False,False,False,True,False,False,True,False,False,False,False,False,False,False,False,False,False,True,False,False,False,False,False,False,False,False,False
109,0.61,51.4447423,-0.1265766,395000.0,2018-10-19,True,False,True,False,False,False,True,False,False,True,False,False,False,False,False,False,False,False,False,False,True,False,False,False,False,False,False,False,False,False
110,0.61,51.4453569,-0.1365927,780000.0,2018-10-19,True,False,False,False,True,False,True,False,False,True,False,False,False,False,False,False,False,False,False,False,True,False,False,False,False,False,False,False,False,False
111,0.61,51.4540016,-0.0258766,695955.0,2018-10-19,True,False,False,False,True,True,False,False,False,True,False,False,False,False,False,False,False,False,False,False,True,False,False,False,False,False,False,False,False,False
112,0.71,51.4917891,-0.2424146,925000.0,2018-10-19,True,False,False,False,True,True,False,False,False,True,False,False,False,False,False,False,False,False,False,False,True,False,False,False,False,False,False,False,False,False
113,0.51,51.4639821,0.0385408,360000.0,2018-10-19,True,False,False,False,True,True,False,False,False,True,False,False,False,False,False,False,False,False,False,False,True,False,False,False,False,False,False,False,False,False
114,0.51,51.4483606,-0.1316642,855000.0,2018-10-19,True,False,False,True,False,True,False,False,False,True,False,False,False,False,False,False,False,False,False,False,False,False,True,False,False,False,False,False,False,False
115,0.51,51.4502906,-0.1523301,1280000.0,2018-10-19,True,False,False,False,True,True,False,False,False,True,False,False,False,False,False,False,False,False,False,False,True,False,False,False,False,False,False,False,False,False
116,0.61,51.4540364,-0.107268,1110000.0,2018-10-19,True,False,False,False,True,True,False,False,False,True,False,False,False,False,False,False,False,False,False,False,True,False,False,False,False,False,False,False,False,False
117,0.5199999999999999,51.4575828,-0.1657808,1200000.0,2018-10-19,True,False,False,False,True,True,False,False,False,True,False,False,False,False,False,False,False,False,False,False,True,False,False,False,False,False,False,False,False,False
118,0.61,51.4880511,0.0126748,610000.0,2018-10-19,True,False,False,False,True,True,False,False,False,True,False,False,False,False,False,False,False,False,False,False,True,False,False,False,False,False,False,False,False,False
119,0.61,51.4516301,0.0852655,640000.0,2018-10-19,True,False,False,True,False,True,False,False,False,True,False,False,False,False,False,False,False,False,False,False,True,False,False,False,False,False,False,False,False,False
120,0.51,51.4285673,-0.0500285,1255000.0,2018-10-19,True,False,False,True,False,True,False,False,False,True,False,False,False,False,False,False,False,False,False,False,True,False,False,False,False,False,False,False,False,False
121,0.5199999999999999,51.4327366,-0.1588513,690000.0,2018-10-19,True,False,False,False,True,True,False,False,False,True,False,False,False,False,False,False,False,False,False,False,True,False,False,False,False,False,False,False,False,False
122,0.51,51.4558354,-0.0283517,680000.0,2018-10-19,True,False,False,True,False,True,False,False,False,True,False,False,False,False,False,False,False,False,False,False,True,False,False,False,False,False,False,False,False,False
123,0.61,51.4161722,-0.1265783,749500.0,2018-10-19,True,False,False,False,True,True,False,False,False,True,False,False,False,False,False,False,False,False,False,False,True,False,False,False,False,False,False,False,False,False
124,0.5199999999999999,51.4888316,-0.082336,485000.0,2018-10-19,True,False,True,False,False,False,True,False,False,True,False,False,False,False,False,False,False,False,False,False,True,False,False,False,False,False,False,False,False,False
125,0.61,51.4101822,-0.1781375,395000.0,2018-10-19,True,False,False,False,True,True,False,False,False,True,False,False,False,False,False,False,False,False,False,False,False,False,False,False,False,False,True,False,False,False
126,0.41,51.4446152,-0.131836,845000.0,2018-10-19,True,False,False,True,False,True,False,False,False,True,False,False,False,False,False,False,False,False,False,False,True,False,False,False,False,False,False,False,False,False
127,0.71,51.4550075,0.0808706,655000.0,2018-10-19,True,False,False,True,False,True,False,False,False,True,False,False,False,False,False,False,False,False,False,False,True,False,False,False,False,False,False,False,False,False
128,0.6199999999999999,51.5494469,-0.1791722,5709600.0,2018-10-19,True,False,False,True,False,True,False,False,False,True,False,False,False,False,False,False,False,False,False,False,True,False,False,False,False,False,False,False,False,False
129,0.5199999999999999,51.4595556,-0.164692,490000.0,2018-10-19,True,False,True,False,False,False,True,False,False,True,False,False,False,False,False,False,False,False,False,False,True,False,False,False,False,False,False,False,False,False
130,0.5209999999999999,51.5002311,-0.167288353077252,8265000.0,2018-10-19,True,False,False,False,True,True,False,False,True,False,False,False,False,False,False,False,False,False,False,False,False,False,False,False,False,False,False,False,False,True
131,0.71,51.4434985,-0.0094815,560000.0,2018-10-19,True,False,False,False,True,True,False,False,False,True,False,False,False,False,False,False,False,False,False,False,True,False,False,False,False,False,False,False,False,False
132,0.61,51.483097,0.0900795,325000.0,2018-10-19,True,False,False,False,True,True,False,False,False,True,False,False,False,False,False,False,False,False,False,False,True,False,False,False,False,False,False,False,False,False
133,0.51,51.571642,-0.2154716,600000.0,2018-10-19,True,False,False,False,True,True,False,False,False,True,False,False,False,False,False,False,False,False,False,False,True,False,False,False,False,False,False,False,False,False
134,0.61,51.4470878,0.060492,590000.0,2018-10-19,True,False,False,False,True,True,False,False,False,True,False,False,False,False,False,False,False,False,False,False,True,False,False,False,False,False,False,False,False,False
135,0.71,51.4942858,-0.0713661,370000.0,2018-10-19,True,False,True,False,False,False,True,False,False,True,False,False,False,False,False,False,False,False,False,False,True,False,False,False,False,False,False,False,False,False
136,0.61,51.6126981,-0.2507386,840000.0,2018-10-19,True,False,False,True,False,True,False,False,False,True,False,False,False,False,False,False,False,False,False,False,True,False,False,False,False,False,False,False,False,False
137,0.4209999999999999,51.5405621,-0.211436005370986,1133500.0,2018-10-19,True,False,False,True,False,True,False,False,True,False,False,False,False,False,False,False,False,False,False,False,False,False,False,False,False,False,False,False,False,True
138,0.82,51.415575,-0.2134377,465000.0,2018-10-19,True,False,True,False,False,False,True,False,False,True,False,False,False,False,False,False,False,False,False,False,True,False,False,False,False,False,False,False,False,False
139,0.61,51.3975214,-0.0821212,260000.0,2018-10-19,True,False,True,False,False,False,True,False,False,True,False,False,False,False,False,False,False,False,False,False,True,False,False,False,False,False,False,False,False,False
140,0.61,51.5151381,-0.1620418,395000.0,2018-10-19,True,False,True,False,False,False,True,False,False,True,False,False,False,False,False,False,False,False,False,False,False,False,False,False,False,False,True,False,False,False
141,0.51,51.4778252,-0.0663482,490000.0,2018-10-19,True,False,False,False,True,True,False,False,False,True,False,False,False,False,False,False,False,False,False,False,True,False,False,False,False,False,False,False,False,False
142,0.51,51.4676598,-0.1266287,565000.0,2018-10-19,True,False,True,False,False,False,True,False,False,True,False,False,False,False,False,False,False,False,False,False,True,False,False,False,False,False,False,False,False,False
143,0.61,51.4370266,-0.1628562,945000.0,2018-10-19,True,False,False,False,True,True,False,False,False,True,False,False,False,False,False,False,False,False,False,False,True,False,False,False,False,False,False,False,False,False
144,0.636030479075886,51.511092,-0.0551979,430500.0,2018-10-18,True,False,True,False,False,False,True,False,False,True,False,False,False,False,False,False,False,False,False,False,False,False,True,False,False,False,False,False,False,False
145,0.621,51.50043875,-0.113766816399213,300000.0,2018-10-18,True,False,False,False,True,True,False,True,False,False,False,False,False,False,False,False,False,False,False,False,False,True,False,False,False,False,False,False,False,False
146,0.5309999999999999,51.5962788666667,-0.0168837311111111,536000.0,2018-10-18,True,False,False,False,True,True,False,False,False,False,False,True,False,False,False,True,False,False,False,False,False,False,False,False,False,False,False,False,False,False
147,0.61,51.429531,-0.045383,540000.0,2018-10-18,True,False,False,True,False,True,False,False,False,True,False,False,False,False,False,False,False,False,False,False,True,False,False,False,False,False,False,False,False,False
148,0.5199999999999999,51.4430503,-0.1771804,1180000.0,2018-10-18,True,False,False,False,True,True,False,False,False,True,False,False,False,False,False,False,False,False,False,False,True,False,False,False,False,False,False,False,False,False
149,0.5199999999999999,51.448034,-0.1693912,5500000.0,2018-10-18,True,True,False,False,False,True,False,False,False,True,False,False,False,False,False,False,False,False,False,False,True,False,False,False,False,False,False,False,False,False
150,0.61,51.4970419,-0.2337173,1058275.0,2018-10-18,True,False,False,False,True,True,False,False,False,True,False,False,False,False,False,False,False,False,False,False,True,False,False,False,False,False,False,False,False,False
151,0.621,51.54031305,-0.202227099999998,895000.0,2018-10-18,True,False,False,False,True,True,False,False,True,False,False,False,False,False,False,False,False,False,False,False,False,False,False,False,False,False,False,False,False,True
152,0.61,51.5569825,-0.0464816,825000.0,2018-10-18,True,False,False,False,True,True,False,False,False,True,False,False,False,False,False,False,False,False,False,False,False,False,False,False,False,False,True,False,False,False
153,0.71,51.5572136,-0.1682027,4275000.0,2018-10-18,True,False,False,False,True,True,False,False,False,True,False,False,False,False,False,False,False,False,False,False,True,False,False,False,False,False,False,False,False,False
154,0.51,51.6022242,-0.0941082,460000.0,2018-10-18,True,False,False,False,True,True,False,False,False,True,False,False,False,False,False,False,False,False,False,False,True,False,False,False,False,False,False,False,False,False
155,0.61,51.4518347,-0.2414456,1860000.0,2018-10-18,True,True,False,False,False,True,False,False,False,True,False,False,False,False,False,False,False,False,False,False,True,False,False,False,False,False,False,False,False,False
156,0.53,51.525369,-0.3415454,630000.0,2018-10-18,True,False,False,False,True,True,False,False,False,True,False,False,False,False,False,False,False,False,False,False,False,False,False,False,False,False,True,False,False,False
157,0.61,51.5084867,-0.2470215,850000.0,2018-10-18,True,False,False,True,False,True,False,False,False,True,False,False,False,False,False,False,False,False,False,False,True,False,False,False,False,False,False,False,False,False
158,0.5199999999999999,51.5189673,-0.3441058,499999.0,2018-10-18,True,False,False,False,True,True,False,False,False,True,False,False,False,False,False,False,False,False,False,False,True,False,False,False,False,False,False,False,False,False
159,0.51,51.5879409,-0.2154623,430000.0,2018-10-18,True,False,True,False,False,False,True,False,False,True,False,False,False,False,False,False,False,False,False,False,True,False,False,False,False,False,False,False,False,False
160,0.71,51.5911142,0.0262232,386200.0,2018-10-18,True,False,True,False,False,False,True,False,False,True,False,False,False,False,False,False,False,False,False,False,True,False,False,False,False,False,False,False,False,False
161,0.61,51.5925979,-0.0903531,520000.0,2018-10-18,True,False,False,False,True,True,False,False,False,True,False,False,False,False,False,False,False,False,False,False,False,False,False,False,False,False,False,False,True,False
162,0.51,51.5862385,-0.0825023,316500.0,2018-10-18,True,False,True,False,False,False,True,False,False,True,False,False,False,False,False,False,False,False,False,False,True,False,False,False,False,False,False,False,False,False
163,0.61,51.5864118,0.0303253,650000.0,2018-10-18,True,False,False,False,True,True,False,False,False,True,False,False,False,False,False,False,False,False,False,False,True,False,False,False,False,False,False,False,False,False
164,0.821,51.4619043259259,-0.132136133333333,1035000.0,2018-10-18,True,False,False,False,True,True,False,False,False,False,False,True,False,False,False,True,False,False,False,False,False,False,False,False,False,False,False,False,False,False
165,0.5199999999999999,51.4222387,-0.219896,3000000.0,2018-10-18,True,True,False,False,False,True,False,False,False,True,False,False,False,False,False,False,False,False,False,False,True,False,False,False,False,False,False,False,False,False
166,0.5199999999999999,51.4163646,-0.2045389,790550.0,2018-10-18,True,False,False,False,True,True,False,False,False,True,False,False,False,False,False,False,False,False,False,False,True,False,False,False,False,False,False,False,False,False
167,0.6599999999999999,51.4179455,-0.240302,1900000.0,2018-10-18,True,True,False,False,False,True,False,False,False,False,False,True,False,False,False,False,False,False,False,False,False,False,False,False,False,True,False,False,False,False
168,0.61,51.4498707,-0.0974727,712500.0,2018-10-18,True,False,True,False,False,False,True,False,False,True,False,False,False,False,False,False,False,False,False,False,True,False,False,False,False,False,False,False,False,False
169,0.621,51.4383456,-0.184022263488826,1258000.0,2018-10-18,True,False,False,False,True,True,False,False,True,False,False,False,False,False,False,False,False,False,False,False,False,False,False,False,False,False,False,False,False,True
170,0.51,51.4831868,0.0241698,470000.0,2018-10-18,True,False,False,False,True,True,False,False,False,True,False,False,False,False,False,False,False,False,False,False,False,False,False,False,False,False,False,False,True,False
171,0.71,51.4589151,-0.0927455,875000.0,2018-10-18,True,False,False,False,True,False,True,False,False,True,False,False,False,False,False,False,False,False,False,False,True,False,False,False,False,False,False,False,False,False
172,0.51,51.4056454,-0.1136417,477000.0,2018-10-18,True,False,False,False,True,True,False,False,False,True,False,False,False,False,False,False,False,False,False,False,True,False,False,False,False,False,False,False,False,False
173,0.51,51.4609203,0.0044834,543000.0,2018-10-18,True,False,True,False,False,False,True,False,False,True,False,False,False,False,False,False,False,False,False,False,True,False,False,False,False,False,False,False,False,False
174,0.5199999999999999,51.4625371,-0.1627862,495000.0,2018-10-18,True,False,True,False,False,False,True,False,False,True,False,False,False,False,False,False,False,False,False,False,True,False,False,False,False,False,False,False,False,False
175,0.61,51.4379988,0.0749113,122500.0,2018-10-18,True,False,True,False,False,False,True,False,False,True,False,False,False,False,False,False,False,False,False,False,True,False,False,False,False,False,False,False,False,False
176,0.51,51.4878789,0.0979545,250000.0,2018-10-18,True,False,False,False,True,False,True,False,False,True,False,False,False,False,False,False,False,False,False,False,True,False,False,False,False,False,False,False,False,False
177,0.51,51.4970448,0.1184342,405000.0,2018-10-18,True,True,False,False,False,True,False,False,False,True,False,False,False,False,False,False,False,False,False,False,True,False,False,False,False,False,False,False,False,False
178,0.61,51.4972635,0.0871864,310000.0,2018-10-18,True,False,False,False,True,True,False,False,False,True,False,False,False,False,False,False,False,False,False,False,True,False,False,False,False,False,False,False,False,False
179,0.41,51.5522663,0.1582059,415000.0,2018-10-18,True,False,False,False,True,True,False,False,False,True,False,False,False,False,False,False,False,False,False,False,False,False,False,False,False,False,False,False,True,False
180,0.51,51.468996,-0.0359863,515000.0,2018-10-17,True,False,False,False,True,True,False,False,False,True,False,False,False,False,False,False,False,False,False,False,False,False,False,False,False,False,True,False,False,False
181,0.61,51.490671,-0.1900161,1650000.0,2018-10-17,True,False,True,False,False,True,False,False,False,True,False,False,False,False,False,False,False,False,False,False,True,False,False,False,False,False,False,False,False,False
182,0.42,51.598698,0.024545,335000.0,2018-10-17,True,False,True,False,False,False,True,False,False,True,False,False,False,False,False,False,False,False,False,False,True,False,False,False,False,False,False,False,False,False
183,0.51,51.5805559,-0.2295675,842500.0,2018-10-17,True,True,False,False,False,True,False,False,False,True,False,False,False,False,False,False,False,False,False,False,True,False,False,False,False,False,False,False,False,False
184,0.51,51.5570999,-0.0814701,744168.0,2018-10-17,True,False,True,False,False,False,True,False,False,True,False,False,False,False,False,False,False,False,False,False,True,False,False,False,False,False,False,False,False,False
185,0.51,51.6118547,-0.0635758,350000.0,2018-10-17,True,False,False,False,True,True,False,False,False,True,False,False,False,False,False,False,False,False,False,False,True,False,False,False,False,False,False,False,False,False
186,0.51,51.5581047,-0.0041543,850000.0,2018-10-17,True,False,True,False,False,False,True,False,False,True,False,False,False,False,False,False,False,False,False,False,True,False,False,False,False,False,False,False,False,False
187,0.51,51.4687141,-0.2054106,3925000.0,2018-10-17,True,False,False,False,True,True,False,False,False,True,False,False,False,False,False,False,False,False,False,False,True,False,False,False,False,False,False,False,False,False
188,0.5209999999999999,51.53406165,-0.20729109407614,1950000.0,2018-10-17,True,False,False,True,False,True,False,False,True,False,False,False,False,False,False,False,False,False,False,False,False,False,False,False,False,False,False,False,False,True
189,0.62,51.4405342,-0.0601603,300000.0,2018-10-17,True,False,True,False,False,False,True,False,False,True,False,False,False,False,False,False,False,False,False,False,False,False,False,False,False,False,False,True,False,False
190,0.4209999999999999,51.528894,-0.21347368773132,400000.0,2018-10-17,True,False,False,False,True,True,False,False,True,False,False,False,False,False,False,False,False,False,False,False,False,False,False,False,False,False,False,False,False,True
191,0.6849999999999999,51.5201714,-0.0532827,370000.0,2018-10-17,True,False,True,False,False,False,True,False,False,True,False,False,False,False,True,False,False,False,False,False,False,False,False,False,False,False,False,False,False,False
192,0.51,51.5026357,-0.2589303,750000.0,2018-10-17,True,False,True,False,False,False,True,False,False,True,False,False,False,False,False,False,False,False,False,False,False,False,True,False,False,False,False,False,False,False
193,0.61,51.6167905,-0.102905,348000.0,2018-10-17,True,False,True,False,False,False,True,False,False,True,False,False,False,False,False,False,False,False,False,False,True,False,False,False,False,False,False,False,False,False
194,0.61,51.4397842,-0.0440673,570000.0,2018-10-17,True,False,False,False,True,True,False,False,False,True,False,False,False,False,False,False,False,False,False,False,True,False,False,False,False,False,False,False,False,False
195,0.71,51.5984353,-0.1476552,1225000.0,2018-10-17,True,False,False,True,False,True,False,False,False,True,False,False,False,False,False,False,False,False,False,False,True,False,False,False,False,False,False,False,False,False
196,0.5209999999999999,51.46587375,-0.259281380388465,825000.0,2018-10-17,True,False,False,False,True,True,False,False,True,False,False,False,False,False,False,False,False,False,False,False,False,False,False,False,False,False,False,False,False,True
197,0.5209999999999999,51.4585779,-0.164471341420583,1397000.0,2018-10-17,True,False,False,False,True,True,False,False,True,False,False,False,False,False,False,False,False,False,False,False,False,False,False,False,False,False,False,False,False,True
198,0.51,51.5653998,-0.2434846,483000.0,2018-10-17,True,False,False,False,True,True,False,False,False,True,False,False,False,False,False,False,False,False,False,False,True,False,False,False,False,False,False,False,False,False
199,0.51,51.4413125,-0.1817679,774000.0,2018-10-17,True,False,False,False,True,True,False,False,False,True,False,False,False,False,False,False,False,False,False,False,True,False,False,False,False,False,False,False,False,False
200,0.51,51.5507672,-0.1967375,1425000.0,2018-10-17,True,False,False,False,True,True,False,False,False,True,False,False,False,False,False,False,False,False,False,False,True,False,False,False,False,False,False,False,False,False
201,0.621,51.4614524,-0.26026597433281,1345000.0,2018-10-17,True,False,False,True,False,True,False,False,True,False,False,False,False,False,False,False,False,False,False,False,False,False,False,False,False,False,False,False,False,True
202,0.585,51.5299546,-0.0362703,900000.0,2018-10-17,True,False,False,False,True,True,False,False,False,True,False,False,False,False,False,False,False,False,False,False,False,False,False,True,False,False,False,False,False,False
203,0.621,51.40786005,-0.228412213155215,570000.0,2018-10-17,True,False,False,False,True,True,False,False,True,False,False,False,False,False,False,False,False,False,False,False,False,False,False,False,False,False,False,False,False,True
204,0.61,51.4121145,-0.08138,322275.0,2018-10-17,True,False,True,False,False,False,True,False,False,True,False,False,False,False,False,False,False,False,False,False,True,False,False,False,False,False,False,False,False,False
205,0.71,51.4845652,0.0082227,720000.0,2018-10-17,True,False,False,False,True,True,False,False,False,True,False,False,False,False,False,False,False,False,False,False,True,False,False,False,False,False,False,False,False,False
206,0.51,51.4985386,-0.2514289,2450000.0,2018-10-17,True,False,False,False,True,True,False,False,False,True,False,False,False,False,False,False,False,False,False,False,True,False,False,False,False,False,False,False,False,False
207,0.71,51.5042124,-0.3373449,725000.0,2018-10-17,True,False,False,False,True,True,False,False,False,True,False,False,False,False,False,False,False,False,False,False,True,False,False,False,False,False,False,False,False,False
208,0.51,51.4674841,-0.0398095,442000.0,2018-10-17,True,False,False,True,False,False,True,False,False,True,False,False,False,False,False,False,False,False,False,False,True,False,False,False,False,False,False,False,False,False
209,0.61,51.6192296,-0.1729989,850000.0,2018-10-17,True,False,False,True,False,True,False,False,False,True,False,False,False,False,False,False,False,False,False,False,True,False,False,False,False,False,False,False,False,False
210,0.62,51.431041,-0.0517085,465000.0,2018-10-17,True,False,False,True,False,True,False,False,False,True,False,False,False,False,False,False,False,False,False,False,True,False,False,False,False,False,False,False,False,False
211,0.61,51.5736453,-0.1258247,478500.0,2018-10-16,True,False,True,False,False,False,True,False,False,True,False,False,False,False,False,False,False,False,False,False,True,False,False,False,False,False,False,False,False,False
212,0.61,51.5719279,-0.1209262,590000.0,2018-10-16,True,False,True,False,False,False,True,False,False,True,False,False,False,False,False,False,False,False,False,False,True,False,False,False,False,False,False,False,False,False
213,0.61,51.6017391,-0.1016441,680000.0,2018-10-16,True,False,False,False,True,True,False,False,False,True,False,False,False,False,False,False,False,False,False,False,True,False,False,False,False,False,False,False,False,False
214,0.51,51.4595806,-0.1891007,1350000.0,2018-10-16,True,False,False,False,True,True,False,False,False,True,False,False,False,False,False,False,False,False,False,False,True,False,False,False,False,False,False,False,False,False
215,0.71,51.5133955,-0.181551,1200000.0,2018-10-16,True,False,False,False,True,True,False,False,False,True,False,False,False,False,False,False,False,False,False,False,True,False,False,False,False,False,False,False,False,False
216,0.51,51.54753,0.0282089,800000.0,2018-10-16,True,False,False,False,True,True,False,False,False,True,False,False,False,False,False,False,False,False,False,False,True,False,False,False,False,False,False,False,False,False
217,0.51,51.4899513,-0.2433872,745000.0,2018-10-16,True,False,False,False,True,True,False,False,False,True,False,False,False,False,False,False,False,False,False,False,True,False,False,False,False,False,False,False,False,False
218,0.51,51.6130828,-0.1627111,710000.0,2018-10-16,True,False,False,True,False,True,False,False,False,True,False,False,False,False,False,False,False,False,False,False,True,False,False,False,False,False,False,False,False,False
219,0.321,51.554370577681,-0.335267650487773,1045000.0,2018-10-16,True,False,False,True,False,True,False,False,False,False,False,True,False,False,False,True,False,False,False,False,False,False,False,False,False,False,False,False,False,False
220,0.61,51.4707206,-0.2470511,1280000.0,2018-10-16,True,False,False,True,False,True,False,False,False,True,False,False,False,False,False,False,False,False,False,False,True,False,False,False,False,False,False,False,False,False
221,0.621,51.6454363,-0.0918348,1400000.0,2018-10-16,True,True,False,False,False,True,False,False,False,False,False,True,False,False,False,True,False,False,False,False,False,False,False,False,False,False,False,False,False,False
222,0.61,51.3927385,-0.2246641,246000.0,2018-10-16,True,False,True,False,False,False,True,False,False,True,False,False,False,False,False,False,False,False,False,False,True,False,False,False,False,False,False,False,False,False
223,0.61,51.5980896,-0.2603181,510000.0,2018-10-16,True,False,False,True,False,True,False,False,False,True,False,False,False,False,False,False,False,False,False,False,True,False,False,False,False,False,False,False,False,False
224,0.61,51.6338628,-0.0918389,890000.0,2018-10-16,True,False,False,True,False,True,False,False,False,True,False,False,False,False,False,False,False,False,False,False,True,False,False,False,False,False,False,False,False,False
225,0.6599999999999999,51.4179455,-0.240302,1995000.0,2018-10-16,True,True,False,False,False,True,False,False,False,False,False,True,False,False,False,False,False,False,False,False,False,False,False,False,False,True,False,False,False,False
226,0.5199999999999999,51.5276279,-0.1831778,1770000.0,2018-10-16,True,False,True,False,False,False,True,False,False,True,False,False,False,False,False,False,False,False,False,False,True,False,False,False,False,False,False,False,False,False
227,0.8099999999999999,51.5450909,-0.0981317,1245000.0,2018-10-16,True,False,False,False,True,True,False,False,False,True,False,False,False,False,False,False,False,False,False,False,True,False,False,False,False,False,False,False,False,False
228,0.72,51.42176,-0.1321653,299000.0,2018-10-16,True,False,True,False,False,False,True,False,False,True,False,False,False,False,False,False,False,False,False,False,True,False,False,False,False,False,False,False,False,False
229,0.61,51.4042651,-0.0814893,370000.0,2018-10-16,True,False,False,True,False,True,False,False,False,True,False,False,False,False,False,False,False,False,False,True,False,False,False,False,False,False,False,False,False,False
230,0.51,51.5855646,-0.202152,1150000.0,2018-10-16,True,False,False,False,True,True,False,False,False,True,False,False,False,False,False,False,False,False,False,False,True,False,False,False,False,False,False,False,False,False
231,0.61,51.4747497,-0.01914,780000.0,2018-10-16,True,False,False,False,True,True,False,False,False,True,False,False,False,False,False,False,False,False,False,False,True,False,False,False,False,False,False,False,False,False
232,0.61,51.5034979,-0.249983,760000.0,2018-10-16,True,False,False,False,True,True,False,False,False,True,False,False,False,False,False,False,False,False,False,False,True,False,False,False,False,False,False,False,False,False
233,0.51,51.6199149,-0.1377153,810000.0,2018-10-16,True,False,False,True,False,True,False,False,False,True,False,False,False,False,False,False,False,False,False,True,False,False,False,False,False,False,False,False,False,False
234,0.73,51.4724173,-0.0881062,1800000.0,2018-10-16,True,False,False,False,True,True,False,False,False,True,False,False,False,False,False,False,False,False,False,False,True,False,False,False,False,False,False,False,False,False
235,0.51,51.5886346,-0.1713215,1410000.0,2018-10-16,True,False,False,True,False,True,False,False,False,True,False,False,False,False,False,False,False,False,False,False,True,False,False,False,False,False,False,False,False,False
236,0.61,51.5162321,-0.1988211,4500000.0,2018-10-16,True,False,False,False,True,True,False,False,False,True,False,False,False,False,False,False,False,False,False,False,True,False,False,False,False,False,False,False,False,False
237,0.51,51.5061239,-0.2410151,1020000.0,2018-10-16,True,False,False,False,True,True,False,False,False,True,False,False,False,False,False,False,False,False,False,False,True,False,False,False,False,False,False,False,False,False
238,0.5309999999999999,51.4712629,-0.0770742812386152,1300000.0,2018-10-16,True,False,False,False,True,True,False,False,True,False,False,False,False,False,False,False,False,False,False,False,False,False,False,False,False,False,False,False,False,True
239,0.61,51.6077696,-0.0727921,240000.0,2018-10-16,True,False,False,False,True,True,False,False,False,True,False,False,False,False,False,False,False,False,False,False,True,False,False,False,False,False,False,False,False,False
240,0.42,51.4913172,0.048779,515000.0,2018-10-16,True,False,False,True,False,True,False,False,False,True,False,False,False,False,False,False,False,False,False,False,True,False,False,False,False,False,False,False,False,False
241,0.51,51.4204154,-0.2185508,760000.0,2018-10-16,True,False,False,False,True,True,False,False,False,True,False,False,False,False,False,False,False,False,False,False,True,False,False,False,False,False,False,False,False,False
242,0.61,51.5985737,-0.1843897,415000.0,2018-10-16,True,False,True,False,False,False,True,False,False,True,False,False,False,False,False,False,False,False,False,False,False,False,False,False,False,False,True,False,False,False
243,0.61,51.5699572,-0.1933784,3150000.0,2018-10-16,True,False,False,True,False,True,False,False,False,True,False,False,False,False,False,False,False,False,False,False,True,False,False,False,False,False,False,False,False,False
244,0.62,51.4091295,-0.1221582,220000.0,2018-10-15,True,False,False,False,True,True,False,False,False,True,False,False,False,False,False,False,False,False,False,False,False,False,False,False,False,False,False,True,False,False
245,0.61,51.4602051,-0.1063431,457000.0,2018-10-15,True,False,False,False,True,True,False,False,False,True,False,False,False,False,False,False,False,False,False,False,True,False,False,False,False,False,False,False,False,False
246,0.61,51.4855442,-0.1222598,825000.0,2018-10-15,True,False,True,False,False,True,False,False,False,True,False,False,False,False,False,False,False,False,False,False,False,False,False,False,False,False,False,True,False,False
247,0.621,51.6305965,-0.0434632,385000.0,2018-10-15,True,False,False,False,True,True,False,False,False,False,False,True,False,False,False,True,False,False,False,False,False,False,False,False,False,False,False,False,False,False
248,0.51,51.4852689,0.0164138,775000.0,2018-10-15,True,False,False,False,True,True,False,False,False,True,False,False,False,False,False,False,False,False,False,False,True,False,False,False,False,False,False,False,False,False
249,0.5209999999999999,51.5132917,-0.1994634,5950000.0,2018-10-15,True,False,False,True,False,True,False,False,False,False,False,True,False,False,False,True,False,False,False,False,False,False,False,False,False,False,False,False,False,False
250,0.621,51.5479621,-0.056370467750019,246000.0,2018-10-15,True,False,True,False,False,True,False,False,True,False,False,False,False,False,False,False,False,False,False,False,False,False,False,False,False,False,False,False,False,True
251,0.61,51.5909771,-0.1642637,1100000.0,2018-10-15,True,False,False,False,True,True,False,False,False,True,False,False,False,False,False,False,False,False,False,False,True,False,False,False,False,False,False,False,False,False
252,0.5209999999999999,51.4623445333333,-0.122932466666667,950000.0,2018-10-15,True,False,False,False,True,True,False,False,False,False,False,True,False,False,False,True,False,False,False,False,False,False,False,False,False,False,False,False,False,False
253,0.61,51.4470586,-0.2008519,1050000.0,2018-10-15,True,False,False,False,True,True,False,False,False,True,False,False,False,False,False,False,False,False,False,False,True,False,False,False,False,False,False,False,False,False
254,0.52,51.5930565,-0.1496522,790000.0,2018-10-15,True,False,False,False,True,True,False,False,False,True,False,False,False,False,False,False,False,False,False,False,False,False,False,False,False,False,True,False,False,False
255,0.61,51.4493716,0.0125923,585000.0,2018-10-15,True,False,False,True,False,True,False,False,False,True,False,False,False,False,False,False,False,False,False,False,True,False,False,False,False,False,False,False,False,False
256,0.61,51.5244158,-0.1077387,1042000.0,2018-10-15,True,False,True,False,False,False,True,False,False,True,False,False,False,False,False,False,False,False,False,False,False,False,False,False,False,False,False,False,True,False
257,0.5199999999999999,51.536127,-0.0998961,1284000.0,2018-10-15,True,False,False,False,True,True,False,False,False,True,False,False,False,False,False,False,False,False,False,False,True,False,False,False,False,False,False,False,False,False
258,0.51,51.5910453,-0.1432065,160000.0,2018-10-15,True,False,True,False,False,False,True,False,False,True,False,False,False,False,False,False,False,False,False,False,True,False,False,False,False,False,False,False,False,False
259,0.41,51.3862027,-0.1115293,1635000.0,2018-10-15,True,False,False,False,True,True,False,False,False,True,False,False,False,False,False,False,False,False,False,False,True,False,False,False,False,False,False,False,False,False
260,0.61,51.590689,-0.1269727,510000.0,2018-10-15,True,False,True,False,False,False,True,False,False,True,False,False,False,False,False,False,False,False,False,False,True,False,False,False,False,False,False,False,False,False
261,0.61,51.5860132,0.0147883,300000.0,2018-10-15,True,False,True,False,False,False,True,False,False,True,False,False,False,False,False,False,False,False,False,False,True,False,False,False,False,False,False,False,False,False
262,0.51,51.5491613,-0.1956191,325000.0,2018-10-15,True,False,True,False,False,False,True,False,False,True,False,False,False,False,False,False,False,False,False,False,True,False,False,False,False,False,False,False,False,False
263,0.61,51.6466189,-0.1178368,450000.0,2018-10-15,True,False,False,False,True,True,False,False,False,True,False,False,False,False,False,False,False,False,False,False,True,False,False,False,False,False,False,False,False,False
264,0.51,51.619428,-0.1263009,1050000.0,2018-10-15,True,True,False,False,False,True,False,False,False,True,False,False,False,False,False,False,False,False,False,False,True,False,False,False,False,False,False,False,False,False
265,0.6849999999999999,51.503443,-0.0076764,490000.0,2018-10-15,True,False,True,False,False,False,True,False,False,True,False,False,False,False,False,False,False,False,False,False,False,False,False,True,False,False,False,False,False,False
266,0.8099999999999999,51.6139141,-0.2157481,952500.0,2018-10-15,True,True,False,False,False,True,False,False,False,True,False,False,False,False,False,False,False,False,False,False,True,False,False,False,False,False,False,False,False,False
267,0.51,51.5369149,0.0449901,365000.0,2018-10-15,True,False,False,False,True,True,False,False,False,True,False,False,False,False,False,False,False,False,False,False,False,False,True,False,False,False,False,False,False,False
268,0.61,51.6123851,-0.2173113,675000.0,2018-10-15,True,False,False,True,False,True,False,False,False,True,False,False,False,False,False,False,False,False,False,False,True,False,False,False,False,False,False,False,False,False
269,0.61,51.5552455,-0.0467144,620000.0,2018-10-15,True,False,True,False,False,False,True,False,False,True,False,False,False,False,False,False,False,False,False,False,True,False,False,False,False,False,False,False,False,False
270,0.51,51.6327064,-0.1027908,650000.0,2018-10-15,True,False,False,False,True,True,False,False,False,True,False,False,False,False,False,False,False,False,False,False,False,False,False,False,False,False,True,False,False,False
271,0.5309999999999999,51.5858548,-0.027637,925000.0,2018-10-15,True,False,False,False,True,True,False,False,False,False,False,True,False,False,False,True,False,False,False,False,False,False,False,False,False,False,False,False,False,False
272,0.61,51.633394,-0.0964395,795000.0,2018-10-15,True,False,False,False,True,True,False,False,False,True,False,False,False,False,False,False,False,False,False,False,True,False,False,False,False,False,False,False,False,False
273,0.6199999999999999,51.549105,-0.0858672,1200000.0,2018-10-15,True,False,False,False,True,True,False,False,False,True,False,False,False,False,False,False,False,False,False,False,False,False,False,False,False,False,True,False,False,False
274,0.51,51.5606885,-0.1023512,920000.0,2018-10-15,True,False,False,False,True,True,False,False,False,True,False,False,False,False,False,False,False,False,False,False,True,False,False,False,False,False,False,False,False,False
275,0.5199999999999999,51.4492762,-0.1458151,430000.0,2018-10-15,True,False,True,False,False,False,True,False,False,True,False,False,False,False,False,False,False,False,False,False,True,False,False,False,False,False,False,False,False,False
276,0.5199999999999999,51.422544,-0.0926553,310000.0,2018-10-15,True,False,True,False,False,False,True,False,False,True,False,False,False,False,False,False,False,False,False,True,False,False,False,False,False,False,False,False,False,False
277,0.51,51.4113862,-0.0494562,635000.0,2018-10-15,True,False,False,False,True,True,False,False,False,True,False,False,False,False,False,False,False,False,False,False,True,False,False,False,False,False,False,False,False,False
278,0.61,51.4644455,-0.239483,455000.0,2018-10-15,True,False,True,False,False,False,True,False,False,True,False,False,False,False,False,False,False,False,False,False,True,False,False,False,False,False,False,False,False,False
279,0.41,51.4936743,-0.0817166,945000.0,2018-10-15,True,False,False,False,True,True,False,False,False,True,False,False,False,False,False,False,False,False,False,False,True,False,False,False,False,False,False,False,False,False
280,0.4209999999999999,51.46254565,-0.0364034055687651,795000.0,2018-10-15,True,False,False,False,True,True,False,False,True,False,False,False,False,False,False,False,False,False,False,False,False,False,False,False,False,False,False,False,False,True
281,0.71,51.4262959,-0.2168167,640000.0,2018-10-15,True,False,False,False,True,True,False,False,False,True,False,False,False,False,False,False,False,False,False,False,True,False,False,False,False,False,False,False,False,False
282,0.51,51.4302118,-0.2158819,3275000.0,2018-10-15,True,True,False,False,False,True,False,False,False,True,False,False,False,False,False,False,False,False,False,False,False,False,False,False,False,False,True,False,False,False
283,0.4310000000000001,51.4282289,-0.223121470007799,15250000.0,2018-10-15,True,True,False,False,False,True,False,False,True,False,False,False,False,False,False,False,False,False,False,False,False,False,False,False,False,False,False,False,False,True
284,0.41,51.52764885,-0.113523913978645,317000.0,2018-10-15,True,False,True,False,False,False,True,False,False,True,False,False,False,False,False,False,False,False,False,False,True,False,False,False,False,False,False,False,False,False
285,0.61,51.5637662,0.0272999,215000.0,2018-10-12,True,False,True,False,False,False,True,False,False,True,False,False,False,False,False,False,False,False,False,False,True,False,False,False,False,False,False,False,False,False
286,0.51,51.4254373,-0.1688472,550000.0,2018-10-12,True,False,True,False,False,False,True,False,False,True,False,False,False,False,False,False,False,False,False,False,True,False,False,False,False,False,False,False,False,False
287,0.51,51.5515458,-0.199093,314544.0,2018-10-12,True,False,True,False,False,False,True,False,False,True,False,False,False,False,False,False,False,False,False,False,True,False,False,False,False,False,False,False,False,False
288,0.61,51.434541,-0.1583206,572000.0,2018-10-12,True,False,True,False,False,False,True,False,False,True,False,False,False,False,False,False,False,False,False,False,True,False,False,False,False,False,False,False,False,False
289,0.62,51.5051444,-0.2658743,525000.0,2018-10-12,True,False,True,False,False,False,True,False,False,True,False,False,False,False,False,False,False,False,False,False,False,False,False,False,False,False,False,False,True,False
290,0.61,51.5543064,0.0117843,530000.0,2018-10-12,True,False,False,False,True,True,False,False,False,True,False,False,False,False,False,False,False,False,False,False,True,False,False,False,False,False,False,False,False,False
291,0.41,51.4576802,-0.4115214,3920000.0,2018-10-12,True,False,False,False,True,True,False,False,False,True,False,False,False,False,False,False,False,False,False,False,True,False,False,False,False,False,False,False,False,False
292,0.41,51.5335769,0.0450549,380000.0,2018-10-12,True,False,False,False,True,True,False,False,False,True,False,False,False,False,False,False,False,False,False,False,True,False,False,False,False,False,False,False,False,False
293,0.51,51.4780418,0.1080325,410000.0,2018-10-12,True,False,False,False,True,True,False,False,False,True,False,False,False,False,False,False,False,False,False,False,True,False,False,False,False,False,False,False,False,False
294,0.51,51.5055886,-0.2517263,960000.0,2018-10-12,True,False,False,False,True,True,False,False,False,True,False,False,False,False,False,False,False,False,False,False,True,False,False,False,False,False,False,False,False,False
295,0.61,51.5034915,-0.2095826,2950000.0,2018-10-12,True,False,False,False,True,True,False,False,False,True,False,False,False,False,False,False,False,False,False,False,True,False,False,False,False,False,False,False,False,False
296,0.42,51.6245648,-0.0810595,245000.0,2018-10-12,True,False,True,False,False,False,True,False,False,True,False,False,False,False,False,False,False,False,False,False,True,False,False,False,False,False,False,False,False,False
297,0.748306128247672,51.5268614,-0.3076834,480000.0,2018-10-12,True,False,True,False,False,False,True,False,False,True,False,False,False,False,False,False,False,False,False,False,False,False,False,False,False,False,True,False,False,False
298,0.4209999999999999,51.65942055,-0.0930709682917888,550000.0,2018-10-12,True,False,False,False,True,True,False,False,True,False,False,False,False,False,False,False,False,False,False,False,False,False,False,False,False,False,False,False,False,True
299,0.61,51.5184176,-0.2162893,435000.0,2018-10-12,True,False,True,False,False,False,True,False,False,True,False,False,False,False,False,False,False,False,False,False,True,False,False,False,False,False,False,False,False,False
300,0.621,51.5234496,-0.0154115333333333,540000.0,2018-10-12,True,False,False,False,True,True,False,False,False,False,False,True,False,False,False,True,False,False,False,False,False,False,False,False,False,False,False,False,False,False
301,0.621,51.44284785,-0.0348548732570804,525000.0,2018-10-12,True,False,False,False,True,True,False,False,True,False,False,False,False,False,False,False,False,False,False,False,False,False,False,False,False,False,False,False,False,True
302,0.51,51.4813976,-0.2708796,1610000.0,2018-10-12,True,False,False,True,False,True,False,False,False,True,False,False,False,False,False,False,False,False,False,False,True,False,False,False,False,False,False,False,False,False
303,0.51,51.508748,-0.2351286,700000.0,2018-10-12,True,False,True,False,False,False,True,False,False,True,False,False,False,False,False,False,False,False,False,False,True,False,False,False,False,False,False,False,False,False
304,0.71,51.4847285,-0.2690584,2250000.0,2018-10-12,True,True,False,False,False,True,False,False,False,True,False,False,False,False,False,False,False,False,False,False,False,False,False,False,False,False,True,False,False,False
305,0.71,51.4753069,-0.2105554,915000.0,2018-10-12,True,False,False,False,True,True,False,False,False,True,False,False,False,False,False,False,False,False,False,False,True,False,False,False,False,False,False,False,False,False
306,0.51,51.6040155,-0.091147,246000.0,2018-10-12,True,False,False,False,True,True,False,False,False,True,False,False,False,False,False,False,False,False,False,False,True,False,False,False,False,False,False,False,False,False
307,0.51,51.4506859,-0.1437308,900000.0,2018-10-12,True,False,False,False,True,True,False,False,False,True,False,False,False,False,False,False,False,False,False,False,True,False,False,False,False,False,False,False,False,False
308,0.61,51.5870093,-0.0994158,413246.0,2018-10-12,True,False,True,False,False,False,True,False,False,True,False,False,False,False,False,False,False,False,False,False,True,False,False,False,False,False,False,False,False,False
309,0.71,51.4644867,-0.0269826,1550000.0,2018-10-12,True,False,False,True,False,True,False,False,False,True,False,False,False,False,False,False,False,False,False,False,True,False,False,False,False,False,False,False,False,False
310,0.51,51.4957468,-0.2674093,460000.0,2018-10-12,True,False,True,False,False,False,True,False,False,True,False,False,False,False,False,False,False,False,False,False,True,False,False,False,False,False,False,False,False,False
311,0.585,51.4670015,-0.0190282,485000.0,2018-10-12,True,False,False,False,True,True,False,False,False,True,False,False,False,False,True,False,False,False,False,False,False,False,False,False,False,False,False,False,False,False
312,0.51,51.6034693,0.0734667420532072,398000.0,2018-10-12,True,False,True,False,False,False,True,False,False,False,True,False,False,False,False,False,False,False,False,False,True,False,False,False,False,False,False,False,False,False
313,0.51,51.4168019,-0.1310272,700000.0,2018-10-12,True,False,False,True,False,True,False,False,False,True,False,False,False,False,False,False,False,False,False,False,True,False,False,False,False,False,False,False,False,False
314,0.61,51.5221962,-0.2878011,1350000.0,2018-10-12,True,True,False,False,False,True,False,False,False,True,False,False,False,False,False,False,False,False,False,False,True,False,False,False,False,False,False,False,False,False
315,0.51,51.5174448,-0.2595877,378999.0,2018-10-12,True,False,True,False,False,False,True,False,False,True,False,False,False,False,False,False,False,False,False,False,True,False,False,False,False,False,False,False,False,False
316,0.830077877750203,51.4875417,-0.1682205,1535000.0,2018-10-12,True,False,True,False,False,False,True,False,False,False,False,True,False,False,False,False,False,False,False,False,False,False,False,False,False,True,False,False,False,False
317,0.5199999999999999,51.6235792,0.0037992,350000.0,2018-10-12,True,False,False,True,False,True,False,False,False,True,False,False,False,False,False,False,False,False,False,False,True,False,False,False,False,False,False,False,False,False
318,0.5209999999999999,51.6260477,-0.0470144,465000.0,2018-10-12,True,False,False,True,False,True,False,False,False,False,False,True,False,False,False,True,False,False,False,False,False,False,False,False,False,False,False,False,False,False
319,0.61,51.5679842,-0.0010647,780000.0,2018-10-12,True,False,False,False,True,True,False,False,False,True,False,False,False,False,False,False,False,False,False,False,True,False,False,False,False,False,False,False,False,False
320,0.4209999999999999,51.58494610625,-0.0065496,840000.0,2018-10-12,True,False,False,True,False,True,False,False,False,False,False,True,False,False,False,True,False,False,False,False,False,False,False,False,False,False,False,False,False,False
321,0.61,51.584117,-0.1460143,2000000.0,2018-10-12,True,False,False,False,True,True,False,False,False,True,False,False,False,False,False,False,False,False,False,False,True,False,False,False,False,False,False,False,False,False
322,0.585,51.6134592,-0.2446814,1800000.0,2018-10-12,True,True,False,False,False,True,False,False,False,True,False,False,False,False,False,False,False,False,False,False,False,False,False,True,False,False,False,False,False,False
323,0.61,51.5175343,-0.016773,365000.0,2018-10-12,True,False,True,False,False,False,True,False,False,True,False,False,False,False,False,False,False,False,False,False,False,False,False,False,False,False,False,False,True,False
324,0.51,51.619633,-0.2479377,4400000.0,2018-10-12,True,True,False,False,False,True,False,False,False,True,False,False,False,False,False,False,False,False,False,False,True,False,False,False,False,False,False,False,False,False
325,0.61,51.5079732,-0.3376929,432000.0,2018-10-12,True,False,True,False,False,False,True,False,False,True,False,False,False,False,False,False,False,False,False,False,True,False,False,False,False,False,False,False,False,False
326,0.5209999999999999,51.5516365,0.0006364059333085,445000.0,2018-10-12,True,False,False,False,True,True,False,False,True,False,False,False,False,False,False,False,False,False,False,False,False,False,False,False,False,False,False,False,False,True
327,0.51,51.5934368,-0.1887549,298750.0,2018-10-12,True,False,True,False,False,False,True,False,False,True,False,False,False,False,False,False,False,False,False,False,True,False,False,False,False,False,False,False,False,False
328,0.5209999999999999,51.5931585783784,-0.0389254864864865,475000.0,2018-10-12,True,False,False,False,True,True,False,False,False,False,False,True,False,False,False,True,False,False,False,False,False,False,False,False,False,False,False,False,False,False
329,0.4209999999999999,51.3767671,-0.1809546,387000.0,2018-10-12,True,False,False,False,True,True,False,False,False,False,False,True,False,False,False,True,False,False,False,False,False,False,False,False,False,False,False,False,False,False
330,0.61,51.5946825,-0.1334225,1170000.0,2018-10-12,True,False,False,False,True,True,False,False,False,True,False,False,False,False,False,False,False,False,False,False,True,False,False,False,False,False,False,False,False,False
331,0.51,51.6199662,-0.077489,355000.0,2018-10-12,True,False,False,False,True,True,False,False,False,True,False,False,False,False,False,False,False,False,False,False,True,False,False,False,False,False,False,False,False,False
332,0.61,51.6153863,-0.2585155,490000.0,2018-10-12,True,False,False,False,True,True,False,False,False,True,False,False,False,False,False,False,False,False,False,False,True,False,False,False,False,False,False,False,False,False
333,0.51,51.5341046,-0.1147163,410000.0,2018-10-12,True,False,True,False,False,False,True,False,False,True,False,False,False,False,False,False,False,False,False,False,True,False,False,False,False,False,False,False,False,False
334,0.5309999999999999,51.58244895,-0.0126386115110763,832000.0,2018-10-12,True,False,False,False,True,True,False,False,True,False,False,False,False,False,False,False,False,False,False,False,False,False,False,False,False,False,False,False,False,True
335,0.621,51.5863247,0.0215556,787000.0,2018-10-12,True,False,False,False,True,True,False,False,False,False,False,True,False,False,False,True,False,False,False,False,False,False,False,False,False,False,False,False,False,False
336,0.51,51.4899009,-0.1919605,1075000.0,2018-10-12,True,False,False,False,True,True,False,False,False,True,False,False,False,False,False,False,False,False,False,False,True,False,False,False,False,False,False,False,False,False
337,0.61,51.5424574,-0.0656231,1040000.0,2018-10-12,True,False,False,False,True,True,False,False,False,True,False,False,False,False,False,False,False,False,False,False,True,False,False,False,False,False,False,False,False,False
338,0.5209999999999999,51.55169965,0.0012416303000321,520000.0,2018-10-12,True,False,False,False,True,True,False,False,True,False,False,False,False,False,False,False,False,False,False,False,False,False,False,False,False,False,False,False,False,True
339,0.51,51.5282075,0.0521405,602000.0,2018-10-12,True,False,False,False,True,True,False,False,False,True,False,False,False,False,False,False,False,False,False,False,False,False,True,False,False,False,False,False,False,False
340,0.5199999999999999,51.5485272,0.0586018,330000.0,2018-10-12,True,False,False,False,True,True,False,False,False,True,False,False,False,False,False,False,False,False,False,False,False,False,True,False,False,False,False,False,False,False
341,0.5199999999999999,51.5220012,-0.1855992,533000.0,2018-10-12,True,False,True,False,False,False,True,False,False,True,False,False,False,False,False,False,False,False,False,False,False,False,False,False,False,False,True,False,False,False
342,0.5199999999999999,51.5330003,0.0345235,450800.0,2018-10-12,True,False,False,False,True,True,False,False,False,True,False,False,False,False,False,False,False,False,False,False,True,False,False,False,False,False,False,False,False,False
343,0.51,51.5235092,0.0408441,375000.0,2018-10-12,True,False,False,False,True,True,False,False,False,True,False,False,False,False,False,False,False,False,False,False,False,False,False,False,False,False,True,False,False,False
344,0.5309999999999999,51.5818553583333,-0.0045880916666666,700000.0,2018-10-12,True,False,False,True,False,True,False,False,False,False,False,True,False,False,False,True,False,False,False,False,False,False,False,False,False,False,False,False,False,False
345,0.51,51.5427683,-0.119416,350000.0,2018-10-12,True,False,True,False,False,False,True,False,False,True,False,False,False,False,False,False,False,False,False,False,True,False,False,False,False,False,False,False,False,False
346,0.51,51.472017,-0.1970857,3400000.0,2018-10-12,True,False,False,False,True,True,False,False,False,True,False,False,False,False,False,False,False,False,False,False,True,False,False,False,False,False,False,False,False,False
347,0.61,51.553432,-0.1002485,730000.0,2018-10-12,True,False,False,False,True,True,False,False,False,True,False,False,False,False,False,False,False,False,False,False,True,False,False,False,False,False,False,False,False,False
348,0.51,51.4715238,-0.0277646,650000.0,2018-10-12,True,False,False,False,True,True,False,False,False,True,False,False,False,False,False,False,False,False,False,False,True,False,False,False,False,False,False,False,False,False
349,0.51,51.4426505,-0.1992311,582500.0,2018-10-12,True,False,True,False,False,False,True,False,False,True,False,False,False,False,False,False,False,False,False,False,True,False,False,False,False,False,False,False,False,False
350,0.585,51.5525528,-0.1176672,350000.0,2018-10-12,True,False,True,False,False,False,True,False,False,True,False,False,False,False,False,False,False,False,False,False,False,False,False,True,False,False,False,False,False,False
351,0.61,51.4376026,-0.1121731,1800000.0,2018-10-12,True,True,False,False,False,True,False,False,False,True,False,False,False,False,False,False,False,False,False,False,True,False,False,False,False,False,False,False,False,False
352,0.51,51.4462115,-0.0233486,325000.0,2018-10-12,True,False,True,False,False,False,True,False,False,True,False,False,False,False,False,False,False,False,False,False,True,False,False,False,False,False,False,False,False,False
353,0.51,51.5111307,-0.1860924,720000.0,2018-10-12,True,False,True,False,False,False,True,False,False,True,False,False,False,False,False,False,False,False,False,False,False,False,True,False,False,False,False,False,False,False
354,0.61,51.460789,-0.1851627,975000.0,2018-10-12,True,False,False,False,True,True,False,False,False,True,False,False,False,False,False,False,False,False,False,False,True,False,False,False,False,False,False,False,False,False
355,0.51,51.4490162,-0.0441511,440000.0,2018-10-12,True,False,True,False,False,False,True,False,False,True,False,False,False,False,False,False,False,False,False,False,True,False,False,False,False,False,False,False,False,False
356,0.61,51.5044896,-0.2981405,975000.0,2018-10-12,True,False,False,True,False,True,False,False,False,True,False,False,False,False,False,False,False,False,False,False,True,False,False,False,False,False,False,False,False,False
357,0.5199999999999999,51.454597,-0.1563879,1400000.0,2018-10-12,True,False,False,False,True,True,False,False,False,True,False,False,False,False,False,False,False,False,False,False,True,False,False,False,False,False,False,False,False,False
358,0.71,51.4987463,-0.1890787,2345000.0,2018-10-12,True,False,False,False,True,True,False,False,False,True,False,False,False,False,False,False,False,False,False,False,True,False,False,False,False,False,False,False,False,False
359,0.61,51.5455421,-0.1595975,1200000.0,2018-10-12,True,False,True,False,False,False,True,False,False,True,False,False,False,False,False,False,False,False,False,False,True,False,False,False,False,False,False,False,False,False
360,0.51,51.483097,0.0900795,355000.0,2018-10-12,True,False,False,False,True,True,False,False,False,True,False,False,False,False,False,False,False,False,False,False,True,False,False,False,False,False,False,False,False,False
361,0.4209999999999999,51.3642371777778,-0.0970041555555556,1150000.0,2018-10-12,True,False,False,True,False,True,False,False,False,False,False,True,False,False,False,True,False,False,False,False,False,False,False,False,False,False,False,False,False,False
362,0.61,51.4428115,-0.0093465,431000.0,2018-10-12,True,False,False,False,True,True,False,False,False,True,False,False,False,False,False,False,False,False,False,False,True,False,False,False,False,False,False,False,False,False
363,0.51,51.4638341,0.0565915,415000.0,2018-10-12,True,False,False,False,True,True,False,False,False,True,False,False,False,False,False,False,False,False,False,False,False,False,False,False,False,False,True,False,False,False
364,0.61,51.4132474,-0.1078344,665000.0,2018-10-12,True,False,False,True,False,True,False,False,False,True,False,False,False,False,False,False,False,False,False,False,True,False,False,False,False,False,False,False,False,False
365,0.71,51.556339,-0.1723049,1400087.0,2018-10-12,True,False,True,False,False,False,True,False,False,True,False,False,False,False,False,False,False,False,False,False,True,False,False,False,False,False,False,False,False,False
366,0.31,51.4338634,-0.0301488,412000.0,2018-10-12,True,False,False,False,True,True,False,False,False,True,False,False,False,False,False,False,False,False,False,False,True,False,False,False,False,False,False,False,False,False
367,0.5209999999999999,51.4247919,-0.20428014190925,1485000.0,2018-10-12,True,False,False,True,False,True,False,False,True,False,False,False,False,False,False,False,False,False,False,False,False,False,False,False,False,False,False,False,False,True
368,0.71,51.5418056,-0.1571735,365000.0,2018-10-12,True,False,True,False,False,False,True,False,False,True,False,False,False,False,False,False,False,False,False,False,True,False,False,False,False,False,False,False,False,False
369,0.621,51.50383275,-0.320508582784525,708000.0,2018-10-12,True,False,False,False,True,True,False,False,True,False,False,False,False,False,False,False,False,False,False,False,False,False,False,False,False,False,False,False,False,True
370,0.51,51.5253691,-0.198941566426886,615000.0,2018-10-12,True,False,True,False,False,False,True,False,False,False,True,False,False,False,False,False,False,False,False,False,True,False,False,False,False,False,False,False,False,False
371,0.61,51.4843903,0.007284,675000.0,2018-10-12,True,False,False,False,True,True,False,False,False,True,False,False,False,False,False,False,False,False,False,False,True,False,False,False,False,False,False,False,False,False
372,0.411,51.5275543,-0.1250036,537500.0,2018-10-12,True,False,True,False,False,False,True,False,False,False,False,True,False,False,False,True,False,False,False,False,False,False,False,False,False,False,False,False,False,False
373,0.61,51.4408473,-0.0088869,540000.0,2018-10-12,True,False,False,False,True,True,False,False,False,True,False,False,False,False,False,False,False,False,False,False,True,False,False,False,False,False,False,False,False,False
374,0.5209999999999999,51.6233031,-0.149751287371134,448000.0,2018-10-12,True,False,False,False,True,True,False,False,True,False,False,False,False,False,False,False,False,False,False,False,False,False,False,False,False,False,False,False,False,True
375,0.5209999999999999,51.4731318,-0.200837898469991,5000000.0,2018-10-12,True,False,False,False,True,True,False,False,True,False,False,False,False,False,False,False,False,False,False,False,False,False,False,False,False,False,False,False,False,True
376,0.5209999999999999,51.53092925,-0.218999024177684,965000.0,2018-10-12,True,False,False,False,True,True,False,False,True,False,False,False,False,False,False,False,False,False,False,False,False,False,False,False,False,False,False,False,False,True
377,0.42,51.6245648,-0.0810595,435000.0,2018-10-12,True,False,False,True,False,True,False,False,False,True,False,False,False,False,False,False,False,False,False,False,True,False,False,False,False,False,False,False,False,False
378,0.51,51.5704139,-0.1339375,1235000.0,2018-10-12,True,False,False,False,True,True,False,False,False,True,False,False,False,False,False,False,False,False,False,False,True,False,False,False,False,False,False,False,False,False
379,0.61,51.4837212,0.0198678,408000.0,2018-10-12,True,False,True,False,False,False,True,False,False,True,False,False,False,False,False,False,False,False,False,False,False,False,False,False,False,False,True,False,False,False
380,0.61,51.4497255,-0.0079625,680000.0,2018-10-12,True,False,False,False,True,True,False,False,False,True,False,False,False,False,False,False,False,False,False,False,True,False,False,False,False,False,False,False,False,False
381,0.6309999999999999,51.4349266333333,-0.1566557,700000.0,2018-10-12,True,False,True,False,False,False,True,False,False,False,False,True,False,False,False,True,False,False,False,False,False,False,False,False,False,False,False,False,False,False
382,0.431,51.4476718,-0.3289195,520000.0,2018-10-12,True,False,False,False,True,True,False,True,False,False,False,False,False,True,False,False,False,False,False,False,False,False,False,False,False,False,False,False,False,False
383,0.51,51.4502033,-0.1273944,389000.0,2018-10-12,True,False,True,False,False,False,True,False,False,True,False,False,False,False,False,False,False,False,False,False,False,False,False,False,False,False,False,False,True,False
384,0.61,51.4176746,-0.1104489,305000.0,2018-10-12,True,False,False,True,False,True,False,False,False,True,False,False,False,False,False,False,False,False,False,False,True,False,False,False,False,False,False,False,False,False
385,0.61,51.4073885,-0.2114275,695000.0,2018-10-12,True,False,False,False,True,True,False,False,False,True,False,False,False,False,False,False,False,False,False,False,True,False,False,False,False,False,False,False,False,False
386,0.5199999999999999,51.4098287,-0.2316904,1170000.0,2018-10-12,True,False,False,True,False,True,False,False,False,True,False,False,False,False,False,False,False,False,False,False,True,False,False,False,False,False,False,False,False,False
387,0.51,51.470251,-0.0463563,590000.0,2018-10-12,True,False,True,False,False,False,True,False,False,True,False,False,False,False,False,False,False,False,False,False,True,False,False,False,False,False,False,False,False,False
388,0.61,51.4621691,-0.1309486,476000.0,2018-10-12,True,False,True,False,False,False,True,False,False,True,False,False,False,False,False,False,False,False,False,False,True,False,False,False,False,False,False,False,False,False
389,0.41,51.4820899,-0.42377264823602,443000.0,2018-10-12,True,False,True,False,False,False,True,False,False,True,False,False,False,False,False,False,False,False,False,False,True,False,False,False,False,False,False,False,False,False
390,0.411,51.4425587321429,-0.147999739285714,605000.0,2018-10-12,True,False,True,False,False,False,True,False,False,False,False,True,False,False,False,True,False,False,False,False,False,False,False,False,False,False,False,False,False,False
391,0.6199999999999999,51.4394054,0.0485497,1385000.0,2018-10-12,True,True,False,False,False,True,False,False,False,True,False,False,False,False,False,False,False,False,False,False,False,False,False,False,False,False,True,False,False,False
392,0.51,51.4465795,-0.2102982,1615000.0,2018-10-12,True,True,False,False,False,True,False,False,False,True,False,False,False,False,False,False,False,False,False,False,True,False,False,False,False,False,False,False,False,False
393,0.61,51.4522,0.059931,340000.0,2018-10-12,True,False,False,False,True,True,False,False,False,True,False,False,False,False,False,False,False,False,False,False,True,False,False,False,False,False,False,False,False,False
394,0.51,51.4158711,-0.097957,97000.0,2018-10-12,True,False,True,False,False,False,True,False,False,True,False,False,False,False,False,False,False,False,False,False,True,False,False,False,False,False,False,False,False,False
395,0.61,51.4061182,-0.0590744,400000.0,2018-10-12,True,False,True,False,False,False,True,False,False,True,False,False,False,False,False,False,False,False,False,False,True,False,False,False,False,False,False,False,False,False
396,0.51,51.4361124,-0.116479,900000.0,2018-10-12,True,False,False,False,True,True,False,False,False,True,False,False,False,False,False,False,False,False,False,False,True,False,False,False,False,False,False,False,False,False
397,0.5209999999999999,51.46739695,-0.0740809737382383,499999.0,2018-10-12,True,False,True,False,False,False,True,False,True,False,False,False,False,False,False,False,False,False,False,False,False,False,False,False,False,False,False,False,False,True
398,0.5209999999999999,51.46678885,-0.0699160500000015,727500.0,2018-10-12,True,False,False,True,False,True,False,False,True,False,False,False,False,False,False,False,False,False,False,False,False,False,False,False,False,False,False,False,False,True
399,0.51,51.4689775,-0.1696863,1000000.0,2018-10-12,True,False,False,False,True,True,False,False,False,True,False,False,False,False,False,False,False,False,False,False,True,False,False,False,False,False,False,False,False,False
400,0.51,51.4710218,-0.165466,300000.0,2018-10-12,True,False,False,False,True,True,False,False,False,True,False,False,False,False,False,False,False,False,False,False,True,False,False,False,False,False,False,False,False,False
401,0.51,51.5594502,-0.2551992,580000.0,2018-10-12,True,False,False,True,False,True,False,False,False,True,False,False,False,False,False,False,False,False,False,False,True,False,False,False,False,False,False,False,False,False
402,0.61,51.4292054,0.0223691,235000.0,2018-10-12,True,False,True,False,False,False,True,False,False,True,False,False,False,False,False,False,False,False,False,False,True,False,False,False,False,False,False,False,False,False
403,0.5199999999999999,51.4493316,-0.1522904,1128000.0,2018-10-12,True,False,False,False,True,True,False,False,False,True,False,False,False,False,False,False,False,False,False,False,True,False,False,False,False,False,False,False,False,False
404,0.8099999999999999,51.4036624,-0.2292348,780000.0,2018-10-12,True,True,False,False,False,True,False,False,False,True,False,False,False,False,False,False,False,False,False,False,False,False,True,False,False,False,False,False,False,False
405,0.51,51.4135712,-0.138401,503000.0,2018-10-12,True,False,False,False,True,True,False,False,False,True,False,False,False,False,False,False,False,False,False,False,True,False,False,False,False,False,False,False,False,False
406,0.51,51.4528467,0.0371577,375000.0,2018-10-12,True,False,False,True,False,True,False,False,False,True,False,False,False,False,False,False,False,False,False,True,False,False,False,False,False,False,False,False,False,False
407,0.5199999999999999,51.4568767,-0.1574715,1650000.0,2018-10-12,True,False,False,False,True,True,False,False,False,True,False,False,False,False,False,False,False,False,False,False,True,False,False,False,False,False,False,False,False,False
408,0.51,51.4199911,-0.1316793,690000.0,2018-10-11,True,False,False,True,False,True,False,False,False,True,False,False,False,False,False,False,False,False,False,False,False,False,True,False,False,False,False,False,False,False
409,0.51,51.4209137,-0.1392709,1275000.0,2018-10-11,True,False,False,True,False,True,False,False,False,True,False,False,False,False,False,False,False,False,False,False,False,False,False,False,False,False,True,False,False,False
410,0.5309999999999999,51.5244152,-0.187468790513834,2200000.0,2018-10-11,True,False,False,False,True,True,False,False,True,False,False,False,False,False,False,False,False,False,False,False,False,False,False,False,False,False,False,False,False,True
411,0.5309999999999999,51.58148765,-0.0009004834445587,500000.0,2018-10-11,True,False,False,True,False,True,False,False,True,False,False,False,False,False,False,False,False,False,False,False,False,False,False,False,False,False,False,False,False,True
412,0.31,51.390979,-0.1035807,300000.0,2018-10-11,True,False,True,False,False,False,True,False,False,True,False,False,False,False,False,False,False,False,False,False,True,False,False,False,False,False,False,False,False,False
413,0.61,51.5557742,-0.1718855,475000.0,2018-10-11,True,False,True,False,False,False,True,False,False,True,False,False,False,False,False,False,False,False,False,False,True,False,False,False,False,False,False,False,False,False
414,0.51,51.6091417,-0.057705,325000.0,2018-10-11,True,False,False,False,True,True,False,False,False,True,False,False,False,False,False,False,False,False,False,False,True,False,False,False,False,False,False,False,False,False
415,0.6309999999999999,51.57771924,-0.01554996,995000.0,2018-10-11,True,False,False,False,True,True,False,False,False,False,False,True,False,False,False,True,False,False,False,False,False,False,False,False,False,False,False,False,False,False
416,0.51,51.5962958,-0.2473694,300000.0,2018-10-11,True,False,True,False,False,False,True,False,False,True,False,False,False,False,False,False,False,False,False,False,False,False,False,False,False,False,True,False,False,False
417,0.61,51.5794977,-0.1759554,3650000.0,2018-10-11,True,True,False,False,False,True,False,False,False,True,False,False,False,False,False,False,False,False,False,False,True,False,False,False,False,False,False,False,False,False
418,0.51,51.4802238,-0.2122088,1175000.0,2018-10-11,True,False,False,False,True,True,False,False,False,True,False,False,False,False,False,False,False,False,False,False,True,False,False,False,False,False,False,False,False,False
419,0.51,51.5207193,-0.1580142,1400000.0,2018-10-11,True,False,True,False,False,False,True,False,False,True,False,False,False,False,False,False,False,False,False,False,False,False,False,False,False,False,False,False,True,False
420,0.61,51.5546582,0.0230298,740000.0,2018-10-11,True,False,False,False,True,True,False,False,False,True,False,False,False,False,False,False,False,False,False,False,True,False,False,False,False,False,False,False,False,False
421,0.51,51.487829,-0.2588855,290000.0,2018-10-11,True,False,True,False,False,False,True,False,False,True,False,False,False,False,False,False,False,False,False,False,True,False,False,False,False,False,False,False,False,False
422,0.5199999999999999,51.57169,0.0344908,930000.0,2018-10-11,True,False,False,False,True,True,False,False,False,True,False,False,False,False,False,False,False,False,False,False,True,False,False,False,False,False,False,False,False,False
423,0.61,51.4926858,-0.2006186,5760000.0,2018-10-11,True,False,False,False,True,True,False,False,False,True,False,False,False,False,False,False,False,False,False,False,False,False,False,False,False,False,False,True,False,False
424,0.51,51.6054972,-0.0636566,182357.0,2018-10-11,True,False,True,False,False,False,True,False,False,True,False,False,False,False,False,False,False,False,False,False,True,False,False,False,False,False,False,False,False,False
425,0.721,51.63471435,-0.167783820625001,1135000.0,2018-10-11,True,True,False,False,False,True,False,False,True,False,False,False,False,False,False,False,False,False,False,False,False,False,False,False,False,False,False,False,False,True
426,0.61,51.468541,-0.2691695,685000.0,2018-10-11,True,False,False,False,True,True,False,False,False,True,False,False,False,False,False,False,False,False,False,False,True,False,False,False,False,False,False,False,False,False
427,0.51,51.4272182,-0.2317199,2250000.0,2018-10-11,True,True,False,False,False,True,False,False,False,True,False,False,False,False,False,False,False,False,False,False,True,False,False,False,False,False,False,False,False,False
428,0.51,51.4554861,-0.1832056,1460000.0,2018-10-11,True,False,False,False,True,True,False,False,False,True,False,False,False,False,False,False,False,False,False,False,True,False,False,False,False,False,False,False,False,False
429,0.5199999999999999,51.4027109,-0.228072,730000.0,2018-10-11,True,False,False,False,True,True,False,False,False,True,False,False,False,False,False,False,False,False,False,False,True,False,False,False,False,False,False,False,False,False
430,0.51,51.4112289,-0.1422339,450000.0,2018-10-11,True,False,False,False,True,True,False,False,False,True,False,False,False,False,False,False,False,False,False,False,True,False,False,False,False,False,False,False,False,False
431,0.6199999999999999,51.4841897,0.079473,397000.0,2018-10-11,True,False,False,False,True,True,False,False,False,True,False,False,False,False,False,False,False,False,False,False,True,False,False,False,False,False,False,False,False,False
432,0.51,51.438268,-0.1881899,467000.0,2018-10-11,True,False,True,False,False,False,True,False,False,True,False,False,False,False,False,False,False,False,False,False,True,False,False,False,False,False,False,False,False,False
433,0.71,51.4328804,-0.2189241,4500000.0,2018-10-11,True,True,False,False,False,True,False,False,False,True,False,False,False,False,False,False,False,False,False,False,True,False,False,False,False,False,False,False,False,False
434,0.51,51.453648,-0.0489701,327500.0,2018-10-11,True,False,True,False,False,False,True,False,False,True,False,False,False,False,False,False,False,False,False,False,False,False,False,False,False,False,True,False,False,False
435,0.51,51.4898635,-0.0721033,425000.0,2018-10-11,True,False,True,False,False,False,True,False,False,True,False,False,False,False,False,False,False,False,False,False,True,False,False,False,False,False,False,False,False,False
436,0.51,51.4362502,0.0276813,365000.0,2018-10-11,True,False,False,False,True,True,False,False,False,True,False,False,False,False,False,False,False,False,False,False,True,False,False,False,False,False,False,False,False,False
437,0.5209999999999999,51.4617898,-0.26405201786362,1753000.0,2018-10-11,True,False,False,True,False,True,False,False,True,False,False,False,False,False,False,False,False,False,False,False,False,False,False,False,False,False,False,False,False,True
438,0.61,51.4048906,-0.2047651,1100000.0,2018-10-11,True,False,False,True,False,True,False,False,False,True,False,False,False,False,False,False,False,False,False,False,True,False,False,False,False,False,False,False,False,False
439,0.621,51.46211905,-0.26615931263691,1330000.0,2018-10-11,True,False,False,True,False,True,False,False,True,False,False,False,False,False,False,False,False,False,False,False,False,False,False,False,False,False,False,False,False,True
440,0.5209999999999999,51.5482337,-0.0999548460546276,1725000.0,2018-10-11,True,False,False,False,True,True,False,False,True,False,False,False,False,False,False,False,False,False,False,False,False,False,False,False,False,False,False,False,False,True
441,0.61,51.4399599,-0.045625,680000.0,2018-10-11,True,False,False,False,True,True,False,False,False,True,False,False,False,False,False,False,False,False,False,False,True,False,False,False,False,False,False,False,False,False
442,0.621,51.4656187,-0.26405572914787,1125000.0,2018-10-11,True,False,False,False,True,True,False,False,True,False,False,False,False,False,False,False,False,False,False,False,False,False,False,False,False,False,False,False,False,True
443,0.5199999999999999,51.55535,-0.1940892,1000000.0,2018-10-10,True,False,False,False,True,True,False,False,False,True,False,False,False,False,False,False,False,False,False,False,True,False,False,False,False,False,False,False,False,False
444,0.51,51.4730733,-0.0326271,800000.0,2018-10-10,True,False,False,False,True,True,False,False,False,True,False,False,False,False,False,False,False,False,False,False,False,False,False,False,False,False,False,True,False,False
445,0.61,51.4354259,-0.0327938,396000.0,2018-10-10,True,False,False,False,True,True,False,False,False,True,False,False,False,False,False,False,False,False,False,False,True,False,False,False,False,False,False,False,False,False
446,0.5209999999999999,51.5956999727273,-0.104757981818182,244000.0,2018-10-10,True,False,True,False,False,False,True,False,False,False,False,True,False,False,False,True,False,False,False,False,False,False,False,False,False,False,False,False,False,False
447,0.51,51.618884,-0.0787908,360000.0,2018-10-10,True,False,False,False,True,True,False,False,False,True,False,False,False,False,False,False,False,False,False,False,True,False,False,False,False,False,False,False,False,False
448,0.61,51.6363977,-0.1770277,300000.0,2018-10-10,True,False,True,False,False,False,True,False,False,True,False,False,False,False,False,False,False,False,False,False,True,False,False,False,False,False,False,False,False,False
449,0.51,51.5891685,-0.2795947,454000.0,2018-10-10,True,False,False,False,True,True,False,False,False,True,False,False,False,False,False,False,False,False,False,False,True,False,False,False,False,False,False,False,False,False
450,0.61,51.6149747,-0.0962849,250500.0,2018-10-10,True,False,True,False,False,False,True,False,False,True,False,False,False,False,False,False,False,False,False,False,True,False,False,False,False,False,False,False,False,False
451,0.61,51.5895776,-0.2216522,265000.0,2018-10-10,True,False,True,False,False,False,True,False,False,True,False,False,False,False,False,False,False,False,False,True,False,False,False,False,False,False,False,False,False,False
452,0.4209999999999999,51.3273985,-0.1319576,940000.0,2018-10-10,True,False,False,True,False,True,False,False,False,False,False,True,False,False,False,True,False,False,False,False,False,False,False,False,False,False,False,False,False,False
453,0.6299999999999999,51.5019366,-0.2643814,499995.0,2018-10-10,True,False,True,False,False,False,True,False,False,True,False,False,False,False,False,False,False,False,False,False,True,False,False,False,False,False,False,False,False,False
454,0.5209999999999999,51.5364107,-0.109951697175533,1750000.0,2018-10-10,True,False,False,False,True,True,False,False,True,False,False,False,False,False,False,False,False,False,False,False,False,False,False,False,False,False,False,False,False,True
455,0.51,51.6327156,-0.0536999,357500.0,2018-10-10,True,False,False,False,True,True,False,False,False,True,False,False,False,False,False,False,False,False,False,False,True,False,False,False,False,False,False,False,False,False
456,0.61,51.5089945,-0.3404875,337000.0,2018-10-10,True,False,True,False,False,False,True,False,False,True,False,False,False,False,False,False,False,False,False,False,True,False,False,False,False,False,False,False,False,False
457,0.61,51.4700046,-0.0232046,802000.0,2018-10-10,True,False,False,False,True,True,False,False,False,True,False,False,False,False,False,False,False,False,False,False,True,False,False,False,False,False,False,False,False,False
458,0.621,51.5219591,-0.183395486698342,2700000.0,2018-10-10,True,False,False,False,True,True,False,False,True,False,False,False,False,False,False,False,False,False,False,False,False,False,False,False,False,False,False,False,False,True
459,0.6199999999999999,51.4326642,-0.1598296,435000.0,2018-10-10,True,False,True,False,False,False,True,False,False,True,False,False,False,False,False,False,False,False,False,False,True,False,False,False,False,False,False,False,False,False
460,0.61,51.606926,-0.0879345,410000.0,2018-10-10,True,False,False,False,True,True,False,False,False,True,False,False,False,False,False,False,False,False,False,False,True,False,False,False,False,False,False,False,False,False
461,0.51,51.5568938,-0.1447873,1140000.0,2018-10-10,True,False,False,True,False,True,False,False,False,True,False,False,False,False,False,False,False,False,False,False,True,False,False,False,False,False,False,False,False,False
462,0.6309999999999999,51.5865025034483,-0.0337345586206897,510000.0,2018-10-10,True,False,False,False,True,True,False,False,False,False,False,True,False,False,False,True,False,False,False,False,False,False,False,False,False,False,False,False,False,False
463,0.411,51.5919709,-0.0374116700413228,1100000.0,2018-10-10,True,False,False,False,True,False,True,False,True,False,False,False,False,False,False,False,False,False,False,False,False,False,False,False,False,False,False,False,False,True
464,0.5209999999999999,51.6364421,-0.0388906,360000.0,2018-10-10,True,False,False,False,True,True,False,False,False,False,False,True,False,False,False,True,False,False,False,False,False,False,False,False,False,False,False,False,False,False
465,0.5199999999999999,51.6144403,0.0003408,535000.0,2018-10-10,True,False,False,False,True,True,False,False,False,True,False,False,False,False,False,False,False,False,False,False,True,False,False,False,False,False,False,False,False,False
466,0.51,51.5204087,-0.1556207,2500000.0,2018-10-10,True,False,False,False,True,True,False,False,False,True,False,False,False,False,False,False,False,False,False,False,False,False,False,False,False,False,False,False,True,False
467,0.51,51.587146,-0.1421615,820000.0,2018-10-10,True,False,False,False,True,True,False,False,False,True,False,False,False,False,False,False,False,False,False,False,True,False,False,False,False,False,False,False,False,False
468,0.5209999999999999,51.5303231,-0.208943949999999,700000.0,2018-10-10,True,False,False,False,True,True,False,False,True,False,False,False,False,False,False,False,False,False,False,False,False,False,False,False,False,False,False,False,False,True
469,0.5209999999999999,51.5503077,0.0011424737667555,650000.0,2018-10-10,True,False,False,False,True,True,False,False,True,False,False,False,False,False,False,False,False,False,False,False,False,False,False,False,False,False,False,False,False,True
470,0.51,51.577444,-0.0702317,885000.0,2018-10-10,True,False,False,False,True,True,False,False,False,True,False,False,False,False,False,False,False,False,False,False,True,False,False,False,False,False,False,False,False,False
471,0.61,51.6040602,-0.128669,990750.0,2018-10-10,True,False,False,True,False,True,False,False,False,True,False,False,False,False,False,False,False,False,False,False,False,False,True,False,False,False,False,False,False,False
472,0.61,51.5184176,-0.2162893,1220000.0,2018-10-10,True,False,True,False,False,False,True,False,False,True,False,False,False,False,False,False,False,False,False,False,True,False,False,False,False,False,False,False,False,False
473,0.51,51.5423674,-0.2261328,352100.0,2018-10-10,True,False,True,False,False,False,True,False,False,True,False,False,False,False,False,False,False,False,False,False,False,False,False,False,False,False,True,False,False,False
474,0.6299999999999999,51.5005671,-0.2640604,1010000.0,2018-10-10,True,False,False,False,True,True,False,False,False,True,False,False,False,False,False,False,False,False,False,False,True,False,False,False,False,False,False,False,False,False
475,0.51,51.4477707,-0.1909455,414500.0,2018-10-10,True,False,True,False,False,False,True,False,False,True,False,False,False,False,False,False,False,False,False,False,True,False,False,False,False,False,False,False,False,False
476,0.51,51.4133903,-0.0969873,596000.0,2018-10-10,True,True,False,False,False,True,False,False,False,True,False,False,False,False,False,False,False,False,False,False,True,False,False,False,False,False,False,False,False,False
477,0.51,51.4744693,0.0362996,430000.0,2018-10-10,True,False,False,False,True,True,False,False,False,True,False,False,False,False,False,False,False,False,False,False,True,False,False,False,False,False,False,False,False,False
478,0.61,51.4676145,-0.2183179,1335000.0,2018-10-10,True,False,False,False,True,True,False,False,False,True,False,False,False,False,False,False,False,False,False,False,True,False,False,False,False,False,False,False,False,False
479,0.61,51.4891763,0.0061768,555000.0,2018-10-10,True,False,False,False,True,True,False,False,False,True,False,False,False,False,False,False,False,False,False,False,True,False,False,False,False,False,False,False,False,False
480,0.621,51.4632678,-0.0690570379951874,1050000.0,2018-10-10,True,False,False,True,False,True,False,False,True,False,False,False,False,False,False,False,False,False,False,False,False,False,False,False,False,False,False,False,False,True
481,0.61,51.4745174,-0.0111881,395000.0,2018-10-10,True,False,False,False,True,True,False,False,False,True,False,False,False,False,False,False,False,False,False,False,True,False,False,False,False,False,False,False,False,False
482,0.51,51.4921128,-0.0746956,760000.0,2018-10-10,True,False,False,False,True,True,False,False,False,True,False,False,False,False,False,False,False,False,False,False,True,False,False,False,False,False,False,False,False,False
483,0.5209999999999999,51.3928558,-0.0906235,335000.0,2018-10-10,True,True,False,False,False,False,True,False,False,False,False,True,False,False,False,True,False,False,False,False,False,False,False,False,False,False,False,False,False,False
484,0.6199999999999999,51.4653279,-0.0311557,554000.0,2018-10-10,True,False,True,False,False,False,True,False,False,True,False,False,False,False,False,False,False,False,False,False,False,False,False,False,False,False,True,False,False,False
485,0.61,51.4329844,-0.0415273,465000.0,2018-10-10,True,False,True,False,False,False,True,False,False,True,False,False,False,False,False,False,False,False,False,False,False,False,True,False,False,False,False,False,False,False
486,0.61,51.4607644,-0.2397765,745000.0,2018-10-10,True,False,False,False,True,True,False,False,False,True,False,False,False,False,False,False,False,False,False,False,True,False,False,False,False,False,False,False,False,False
487,0.51,51.5817188,-0.1796764,3350000.0,2018-10-09,True,True,False,False,False,True,False,False,False,True,False,False,False,False,False,False,False,False,False,False,False,False,False,False,False,False,True,False,False,False
488,0.61,51.5936829,-0.1832073,800000.0,2018-10-09,True,False,False,True,False,True,False,False,False,True,False,False,False,False,False,False,False,False,False,True,False,False,False,False,False,False,False,False,False,False
489,0.61,51.5661513,-0.0361969,362000.0,2018-10-09,True,False,True,False,False,False,True,False,False,True,False,False,False,False,False,False,False,False,False,True,False,False,False,False,False,False,False,False,False,False
490,0.485,51.4867624,-0.0151117942010077,487500.0,2018-10-09,True,False,True,False,False,False,True,False,False,True,False,False,False,False,False,False,False,False,False,False,False,False,False,True,False,False,False,False,False,False
491,0.485,51.4867624,-0.0151117942010077,615000.0,2018-10-09,True,False,True,False,False,False,True,False,False,True,False,False,False,False,False,False,False,False,False,False,False,False,False,True,False,False,False,False,False,False
492,0.61,51.5833174,-0.2200663,850000.0,2018-10-09,True,False,False,False,True,True,False,False,False,True,False,False,False,False,False,False,False,False,False,False,True,False,False,False,False,False,False,False,False,False
493,0.5199999999999999,51.5283682,0.0198503,208000.0,2018-10-09,True,False,True,False,False,False,True,False,False,True,False,False,False,False,False,False,False,False,False,False,True,False,False,False,False,False,False,False,False,False
494,0.5309999999999999,51.5902198625,-0.0032510875,585000.0,2018-10-09,True,False,False,False,True,True,False,False,False,False,False,True,False,False,False,True,False,False,False,False,False,False,False,False,False,False,False,False,False,False
495,0.5199999999999999,51.5831174,0.0365541,645000.0,2018-10-09,True,False,False,True,False,True,False,False,False,True,False,False,False,False,False,False,False,False,False,False,True,False,False,False,False,False,False,False,False,False
496,0.5199999999999999,51.5011991,-0.3038314,607785.0,2018-10-09,True,False,False,False,True,True,False,False,False,True,False,False,False,False,False,False,False,False,False,False,True,False,False,False,False,False,False,False,False,False
497,0.51,51.6343103,-0.0642541,200000.0,2018-10-09,True,False,True,False,False,False,True,False,False,True,False,False,False,False,False,False,False,False,False,False,True,False,False,False,False,False,False,False,False,False
498,0.61,51.4543419,0.041818,350000.0,2018-10-09,True,False,False,True,False,True,False,False,False,True,False,False,False,False,False,False,False,False,False,False,True,False,False,False,False,False,False,False,False,False
499,0.5199999999999999,51.6461359,-0.0100322,433000.0,2018-10-09,True,False,False,True,False,True,False,False,False,True,False,False,False,False,False,False,False,False,False,False,True,False,False,False,False,False,False,False,False,False
500,0.61,51.579607,-0.2148981,916000.0,2018-10-09,True,True,False,False,False,True,False,False,False,True,False,False,False,False,False,False,False,False,False,False,True,False,False,False,False,False,False,False,False,False
501,0.5199999999999999,51.464082,-0.1538988,499950.0,2018-10-09,True,False,True,False,False,False,True,False,False,True,False,False,False,False,False,False,False,False,False,False,True,False,False,False,False,False,False,False,False,False
502,0.72,51.4752126,0.0664316,410000.0,2018-10-09,True,False,False,False,True,True,False,False,False,True,False,False,False,False,False,False,False,False,False,False,True,False,False,False,False,False,False,False,False,False
503,0.61,51.4589499,-0.0210626,560000.0,2018-10-09,True,False,False,True,False,True,False,False,False,True,False,False,False,False,False,False,False,False,False,False,True,False,False,False,False,False,False,False,False,False
504,0.6299999999999999,51.6296244,-6.3e-06,579000.0,2018-10-09,True,False,False,True,False,True,False,False,False,True,False,False,False,False,False,False,False,False,False,False,True,False,False,False,False,False,False,False,False,False
505,0.51,51.5114376,-0.2377512,575000.0,2018-10-09,True,False,False,False,True,True,False,False,False,True,False,False,False,False,False,False,False,False,False,False,True,False,False,False,False,False,False,False,False,False
506,0.61,51.507667,-0.3352081,592500.0,2018-10-09,True,False,False,False,True,True,False,False,False,True,False,False,False,False,False,False,False,False,False,False,True,False,False,False,False,False,False,False,False,False
507,0.5402722515829559,51.5159711,-0.19962,740000.0,2018-10-09,True,False,False,False,True,False,True,False,False,True,False,False,False,False,False,False,False,False,False,False,True,False,False,False,False,False,False,False,False,False
508,0.621,51.54117985,0.0088136,545000.0,2018-10-09,True,False,False,False,True,True,False,False,True,False,False,False,False,False,False,False,False,False,False,False,False,False,False,False,False,False,False,False,False,True
509,0.51,51.6377474,-0.1446583,775000.0,2018-10-08,True,False,False,True,False,True,False,False,False,True,False,False,False,False,False,False,False,False,False,False,True,False,False,False,False,False,False,False,False,False
510,0.4209999999999999,51.52900095,-0.197011130104904,327000.0,2018-10-08,True,False,False,False,True,True,False,False,True,False,False,False,False,False,False,False,False,False,False,False,False,False,False,False,False,False,False,False,False,True
511,0.5309999999999999,51.5815354,-0.011646,622000.0,2018-10-08,True,False,False,True,False,True,False,False,False,False,False,True,False,False,False,True,False,False,False,False,False,False,False,False,False,False,False,False,False,False
512,0.4209999999999999,51.5822946390244,-0.0359429195121951,357500.0,2018-10-08,True,False,True,False,False,False,True,False,False,False,False,True,False,False,False,True,False,False,False,False,False,False,False,False,False,False,False,False,False,False
513,0.51,51.577932,-0.0703972,900000.0,2018-10-08,True,False,False,False,True,True,False,False,False,True,False,False,False,False,False,False,False,False,False,False,True,False,False,False,False,False,False,False,False,False
514,0.52,51.5314583,-0.1129202,499950.0,2018-10-08,True,False,True,False,False,False,True,False,False,True,False,False,False,False,False,False,False,False,False,False,False,False,False,False,False,False,False,True,False,False
515,0.411,51.5911429,-0.0177711,400000.0,2018-10-08,True,False,True,False,False,False,True,False,False,False,False,True,False,False,False,True,False,False,False,False,False,False,False,False,False,False,False,False,False,False
516,0.61,51.5265845,-0.2522774,375000.0,2018-10-08,True,False,True,False,False,False,True,False,False,True,False,False,False,False,False,False,False,False,False,False,True,False,False,False,False,False,False,False,False,False
517,0.71,51.6147395,-0.1485877,240000.0,2018-10-08,True,False,True,False,False,False,True,False,False,True,False,False,False,False,False,False,False,False,False,True,False,False,False,False,False,False,False,False,False,False
518,0.311,51.46319155,-0.12755615,420000.0,2018-10-08,True,False,True,False,False,False,True,False,False,False,False,True,False,False,False,True,False,False,False,False,False,False,False,False,False,False,False,False,False,False
519,0.71,51.6159309,-0.2529618,560000.0,2018-10-08,True,False,False,False,True,True,False,False,False,True,False,False,False,False,False,False,False,False,False,False,True,False,False,False,False,False,False,False,False,False
520,0.621,51.46389435,-0.0347178331282408,1025000.0,2018-10-08,True,False,False,False,True,True,False,False,True,False,False,False,False,False,False,False,False,False,False,False,False,False,False,False,False,False,False,False,False,True
521,0.61,51.6165698,-0.178854,497500.0,2018-10-08,True,False,True,False,False,False,True,False,False,True,False,False,False,False,False,False,False,False,False,False,False,False,False,False,False,False,False,False,True,False
522,0.61,51.5890186,-0.2259835,635000.0,2018-10-08,True,False,False,False,True,True,False,False,False,True,False,False,False,False,False,False,False,False,False,False,True,False,False,False,False,False,False,False,False,False
523,0.51,51.4234684,-0.1425045,685000.0,2018-10-08,True,False,False,True,False,True,False,False,False,True,False,False,False,False,False,False,False,False,False,True,False,False,False,False,False,False,False,False,False,False
524,0.51,51.4476041,-0.1362358,825000.0,2018-10-08,True,False,False,False,True,True,False,False,False,True,False,False,False,False,False,False,False,False,False,False,True,False,False,False,False,False,False,False,False,False
525,0.61,51.4733624,-0.0130066,480000.0,2018-10-08,True,True,False,False,False,True,False,False,False,True,False,False,False,False,False,False,False,False,False,False,True,False,False,False,False,False,False,False,False,False
526,0.61,51.5750326,-0.2421511,550000.0,2018-10-08,True,False,False,True,False,True,False,False,False,True,False,False,False,False,False,False,False,False,False,False,False,False,False,False,False,False,True,False,False,False
527,0.61,51.5516919,-0.1210349,625000.0,2018-10-08,True,False,True,False,False,False,True,False,False,True,False,False,False,False,False,False,False,False,False,False,True,False,False,False,False,False,False,False,False,False
528,0.5199999999999999,51.4137547,-0.0517873,440000.0,2018-10-08,True,False,True,False,False,False,True,False,False,True,False,False,False,False,False,False,False,False,False,True,False,False,False,False,False,False,False,False,False,False
529,0.5199999999999999,51.4547132,-0.1613609,2450000.0,2018-10-08,True,True,False,False,False,True,False,False,False,True,False,False,False,False,False,False,False,False,False,False,True,False,False,False,False,False,False,False,False,False
530,0.51,51.5703606,-0.2641579,490000.0,2018-10-08,True,False,False,False,True,True,False,False,False,True,False,False,False,False,False,False,False,False,False,False,True,False,False,False,False,False,False,False,False,False
531,0.4209999999999999,51.5194053,-0.1506715,1050000.0,2018-10-08,True,False,True,False,False,False,True,False,False,False,False,True,False,False,False,True,False,False,False,False,False,False,False,False,False,False,False,False,False,False
532,0.72,51.4688984,0.0323447,368000.0,2018-10-08,True,False,False,True,False,True,False,False,False,True,False,False,False,False,False,False,False,False,False,False,True,False,False,False,False,False,False,False,False,False
533,0.511,51.5167915,-0.1922152,560000.0,2018-10-08,True,False,True,False,False,False,True,False,False,False,False,True,False,False,False,True,False,False,False,False,False,False,False,False,False,False,False,False,False,False
534,0.4209999999999999,51.5952321744186,-0.0390438953488372,690000.0,2018-10-08,True,False,False,False,True,True,False,False,False,False,False,True,False,False,False,True,False,False,False,False,False,False,False,False,False,False,False,False,False,False
535,0.51,51.5274437,0.0525869,360000.0,2018-10-08,True,False,False,False,True,True,False,False,False,True,False,False,False,False,False,False,False,False,False,False,True,False,False,False,False,False,False,False,False,False
536,0.61,51.5564135,-0.1333442,1625000.0,2018-10-08,True,False,False,False,True,True,False,False,False,True,False,False,False,False,False,False,False,False,False,False,True,False,False,False,False,False,False,False,False,False
537,0.61,51.4631259,-0.0252872,750000.0,2018-10-08,True,False,True,False,False,False,True,False,False,True,False,False,False,False,False,False,False,False,False,False,True,False,False,False,False,False,False,False,False,False
538,0.5199999999999999,51.5186963,-0.2022581,3000000.0,2018-10-08,True,False,False,False,True,True,False,False,False,True,False,False,False,False,False,False,False,False,False,False,True,False,False,False,False,False,False,False,False,False
539,0.4209999999999999,51.61842435,-0.179687224586576,17350000.0,2018-10-08,True,True,False,False,False,True,False,False,True,False,False,False,False,False,False,False,False,False,False,False,False,False,False,False,False,False,False,False,False,True
540,0.51,51.566689,-0.0685096,1100000.0,2018-10-08,True,False,False,False,True,True,False,False,False,True,False,False,False,False,False,False,False,False,False,False,True,False,False,False,False,False,False,False,False,False
541,0.61,51.4441343,0.0105303,475000.0,2018-10-08,True,False,False,False,True,True,False,False,False,True,False,False,False,False,False,False,False,False,False,False,True,False,False,False,False,False,False,False,False,False
542,0.61,51.4410676,-0.1317036,660000.0,2018-10-08,True,False,False,False,True,False,True,False,False,True,False,False,False,False,False,False,False,False,False,False,True,False,False,False,False,False,False,False,False,False
543,0.61,51.442834,0.0114296,368000.0,2018-10-08,True,False,False,False,True,True,False,False,False,True,False,False,False,False,False,False,False,False,False,False,True,False,False,False,False,False,False,False,False,False
544,0.51,51.4731233,-0.0501368,267500.0,2018-10-06,True,False,True,False,False,False,True,False,False,True,False,False,False,False,False,False,False,False,False,False,True,False,False,False,False,False,False,False,False,False
545,0.311,51.3607953,-0.0939508,375000.0,2018-10-05,True,False,True,False,False,False,True,False,False,False,False,True,False,False,False,True,False,False,False,False,False,False,False,False,False,False,False,False,False,False
546,0.71,51.4403228,0.0004059,305000.0,2018-10-05,True,False,True,False,False,False,True,False,False,True,False,False,False,False,False,False,False,False,False,False,True,False,False,False,False,False,False,False,False,False
547,0.51,51.4891231,-0.1453296,603000.0,2018-10-05,True,False,False,False,True,False,True,False,False,True,False,False,False,False,False,False,False,False,False,False,True,False,False,False,False,False,False,False,False,False
548,0.61,51.5555564,-0.1543541,1770000.0,2018-10-05,True,False,False,False,True,True,False,False,False,True,False,False,False,False,False,False,False,False,False,False,True,False,False,False,False,False,False,False,False,False
549,0.61,51.5973488,-0.1518973,750000.0,2018-10-05,True,False,False,False,True,True,False,False,False,True,False,False,False,False,False,False,False,False,False,False,True,False,False,False,False,False,False,False,False,False
550,0.61,51.5973488,-0.1518973,600000.0,2018-10-05,True,False,False,False,True,True,False,False,False,True,False,False,False,False,False,False,False,False,False,False,True,False,False,False,False,False,False,False,False,False
551,0.4209999999999999,51.5809854,-0.0391302,386985.0,2018-10-05,True,False,True,False,False,False,True,False,False,False,False,True,False,False,False,True,False,False,False,False,False,False,False,False,False,False,False,False,False,False
552,0.61,51.4543589,0.0580483,800000.0,2018-10-05,True,False,False,False,True,True,False,False,False,True,False,False,False,False,False,False,False,False,False,False,True,False,False,False,False,False,False,False,False,False
553,0.5199999999999999,51.6126732,-0.0011537,440000.0,2018-10-05,True,False,False,False,True,True,False,False,False,True,False,False,False,False,False,False,False,False,False,False,True,False,False,False,False,False,False,False,False,False
554,0.61,51.4820868,-0.1811095,1475000.0,2018-10-05,True,False,False,False,True,True,False,False,False,True,False,False,False,False,False,False,False,False,False,False,True,False,False,False,False,False,False,False,False,False
555,0.71,51.5994962,0.0129714,161050.0,2018-10-05,True,False,True,False,False,False,True,False,False,True,False,False,False,False,False,False,False,False,False,True,False,False,False,False,False,False,False,False,False,False
556,0.61,51.566689,-0.0685096,1267500.0,2018-10-05,True,False,False,False,True,True,False,False,False,True,False,False,False,False,False,False,False,False,False,False,True,False,False,False,False,False,False,False,False,False
557,0.71,51.4980476,-0.3070982,449999.0,2018-10-05,True,False,True,False,False,False,True,False,False,True,False,False,False,False,False,False,False,False,False,False,False,False,True,False,False,False,False,False,False,False
558,0.61,51.575674,-0.2040652,327500.0,2018-10-05,True,False,True,False,False,False,True,False,False,True,False,False,False,False,False,False,False,False,False,True,False,False,False,False,False,False,False,False,False,False
559,0.51,51.5039677,-0.2868023,1160000.0,2018-10-05,True,True,False,False,False,True,False,False,False,True,False,False,False,False,False,False,False,False,False,False,True,False,False,False,False,False,False,False,False,False
560,0.71,51.5064042,-0.2967295,2000000.0,2018-10-05,True,True,False,False,False,True,False,False,False,True,False,False,False,False,False,False,False,False,False,False,True,False,False,False,False,False,False,False,False,False
561,0.51,51.6124347,-0.1777851,765000.0,2018-10-05,True,False,False,False,True,True,False,False,False,True,False,False,False,False,False,False,False,False,False,True,False,False,False,False,False,False,False,False,False,False
562,0.51,51.4876601,-0.3723561,420000.0,2018-10-05,True,False,True,False,False,False,True,False,False,True,False,False,False,False,False,False,False,False,False,False,True,False,False,False,False,False,False,False,False,False
563,0.51,51.5477073,-0.2240705,425000.0,2018-10-05,True,False,True,False,False,False,True,False,False,True,False,False,False,False,False,False,False,False,False,True,False,False,False,False,False,False,False,False,False,False
564,0.61,51.5396821,-0.2485478,670000.0,2018-10-05,True,False,False,False,True,True,False,False,False,True,False,False,False,False,False,False,False,False,False,False,True,False,False,False,False,False,False,False,False,False
565,0.61,51.4545858,0.0061518,727000.0,2018-10-05,True,False,False,False,True,True,False,False,False,True,False,False,False,False,False,False,False,False,False,False,True,False,False,False,False,False,False,False,False,False
566,0.5199999999999999,51.5740935,-0.0298624,440000.0,2018-10-05,True,False,True,False,False,False,True,False,False,True,False,False,False,False,False,False,False,False,False,False,True,False,False,False,False,False,False,False,False,False
567,0.61,51.6252056,-0.2577282,330000.0,2018-10-05,True,False,False,False,True,False,True,False,False,True,False,False,False,False,False,False,False,False,False,False,True,False,False,False,False,False,False,False,False,False
568,0.51,51.5418296,0.0233878,1027000.0,2018-10-05,True,False,False,False,True,True,False,False,False,True,False,False,False,False,False,False,False,False,False,False,True,False,False,False,False,False,False,False,False,False
569,0.51,51.5107532,0.0154967,318000.0,2018-10-05,True,False,True,False,False,False,True,False,False,True,False,False,False,False,False,False,False,False,False,False,True,False,False,False,False,False,False,False,False,False
570,0.51,51.6129481,-0.1569039,595000.0,2018-10-05,True,False,False,False,True,True,False,False,False,True,False,False,False,False,False,False,False,False,False,False,True,False,False,False,False,False,False,False,False,False
571,0.6199999999999999,51.5162519,-0.315641,560000.0,2018-10-05,True,False,True,False,False,False,True,False,False,True,False,False,False,False,False,False,False,False,False,False,True,False,False,False,False,False,False,False,False,False
572,0.621,51.5578935538462,-0.0122017307692308,615000.0,2018-10-05,True,False,False,False,True,True,False,False,False,False,False,True,False,False,False,True,False,False,False,False,False,False,False,False,False,False,False,False,False,False
573,0.51,51.6362157,-0.0526139,473000.0,2018-10-05,True,False,False,True,False,True,False,False,False,True,False,False,False,False,False,False,False,False,False,False,True,False,False,False,False,False,False,False,False,False
574,0.51,51.5822244,-0.081777,278000.0,2018-10-05,True,False,True,False,False,False,True,False,False,True,False,False,False,False,False,False,False,False,False,False,False,False,False,False,False,False,False,False,True,False
575,0.6199999999999999,51.6009258,-0.0012973,250000.0,2018-10-05,True,False,True,False,False,False,True,False,False,True,False,False,False,False,False,False,False,False,False,False,True,False,False,False,False,False,False,False,False,False
576,0.72,51.5639245,-0.0006745,500000.0,2018-10-05,True,False,False,False,True,True,False,False,False,True,False,False,False,False,False,False,False,False,False,False,True,False,False,False,False,False,False,False,False,False
577,0.71,51.5992726,0.0217299,290000.0,2018-10-05,True,False,True,False,False,False,True,False,False,True,False,False,False,False,False,False,False,False,False,False,True,False,False,False,False,False,False,False,False,False
578,0.5199999999999999,51.6378463,-0.0062227,485000.0,2018-10-05,True,False,False,False,True,True,False,False,False,True,False,False,False,False,False,False,False,False,False,False,True,False,False,False,False,False,False,False,False,False
579,0.5309999999999999,51.5905654,-0.002522,565000.0,2018-10-05,True,False,False,False,True,True,False,False,False,False,False,True,False,False,False,True,False,False,False,False,False,False,False,False,False,False,False,False,False,False
580,0.5199999999999999,51.5176823,0.0398533,415000.0,2018-10-05,True,False,False,True,False,True,False,False,False,True,False,False,False,False,False,False,False,False,False,False,True,False,False,False,False,False,False,False,False,False
581,0.51,51.5039498,-0.2662216,460000.0,2018-10-05,True,False,False,False,True,False,True,False,False,True,False,False,False,False,False,False,False,False,False,False,True,False,False,False,False,False,False,False,False,False
582,0.41,51.5017343,-0.396516,405000.0,2018-10-05,True,False,True,False,False,False,True,False,False,True,False,False,False,False,False,False,False,False,False,False,True,False,False,False,False,False,False,False,False,False
583,0.5209999999999999,51.5149964,-0.0461143,647500.0,2018-10-05,True,False,False,False,True,True,False,False,False,False,False,True,False,False,False,True,False,False,False,False,False,False,False,False,False,False,False,False,False,False
584,0.51,51.4892232,-0.2096215,587000.0,2018-10-05,True,False,True,False,False,False,True,False,False,True,False,False,False,False,False,False,False,False,False,False,True,False,False,False,False,False,False,False,False,False
585,0.51,51.626755,-0.1682859,500000.0,2018-10-05,True,False,True,False,False,False,True,False,False,True,False,False,False,False,False,False,False,False,False,False,True,False,False,False,False,False,False,False,False,False
586,0.61,51.5122626,-0.0065633400824126,500000.0,2018-10-05,True,False,False,False,True,False,True,False,False,True,False,False,False,False,False,False,True,False,False,False,False,False,False,False,False,False,False,False,False,False
587,0.61,51.4175398,-0.051277,449800.0,2018-10-05,True,False,False,False,True,True,False,False,False,True,False,False,False,False,False,False,False,False,False,True,False,False,False,False,False,False,False,False,False,False
588,0.6299999999999999,51.5659986,-0.0204761,667500.0,2018-10-05,True,False,False,False,True,True,False,False,False,True,False,False,False,False,False,False,False,False,False,False,True,False,False,False,False,False,False,False,False,False
589,0.5209999999999999,51.5400858,-0.0456642,999000.0,2018-10-05,True,False,False,True,False,True,False,False,True,False,False,False,False,False,False,False,False,False,False,False,False,False,False,False,False,False,False,False,False,True
590,0.51,51.4607049,-0.0372978,360000.0,2018-10-05,True,False,False,False,True,True,False,False,False,True,False,False,False,False,False,False,False,False,False,False,True,False,False,False,False,False,False,False,False,False
591,0.41,51.48114915,-0.253060776242575,340000.0,2018-10-05,True,False,True,False,False,False,True,False,False,True,False,False,False,False,False,False,False,False,False,False,True,False,False,False,False,False,False,False,False,False
592,0.51,51.4592875,0.0637548,750000.0,2018-10-05,True,False,False,False,True,True,False,False,False,True,False,False,False,False,False,False,False,False,False,False,True,False,False,False,False,False,False,False,False,False
593,0.51,51.6236441,-0.1166376,1025000.0,2018-10-05,True,False,False,True,False,True,False,False,False,True,False,False,False,False,False,False,False,False,False,False,True,False,False,False,False,False,False,False,False,False
594,0.721,51.40857,-0.225503389336872,730000.0,2018-10-05,True,False,False,False,True,True,False,False,True,False,False,False,False,False,False,False,False,False,False,False,False,False,False,False,False,False,False,False,False,True
595,0.61,51.4919005,-0.270044,842000.0,2018-10-05,True,False,True,False,False,False,True,False,False,True,False,False,False,False,False,False,False,False,False,False,True,False,False,False,False,False,False,False,False,False
596,0.41,51.5906523,-0.3252578,350000.0,2018-10-05,True,False,True,False,False,False,True,False,False,True,False,False,False,False,False,False,False,False,False,False,True,False,False,False,False,False,False,False,False,False
597,0.51,51.4886873,-0.1864242,17850000.0,2018-10-05,True,False,False,True,False,True,False,False,False,True,False,False,False,False,False,False,False,False,False,False,True,False,False,False,False,False,False,False,False,False
598,0.4209999999999999,51.39220098,-0.09205946,766500.0,2018-10-05,True,False,False,False,True,False,True,False,False,False,False,True,False,False,False,True,False,False,False,False,False,False,False,False,False,False,False,False,False,False
599,0.4209999999999999,51.50749645,-0.300069405587179,1065000.0,2018-10-05,True,False,False,False,True,True,False,False,True,False,False,False,False,False,False,False,False,False,False,False,False,False,False,False,False,False,False,False,False,True
600,0.51,51.4693877,-0.139625,1175000.0,2018-10-05,True,False,False,False,True,True,False,False,False,True,False,False,False,False,False,False,False,False,False,False,True,False,False,False,False,False,False,False,False,False
601,0.5309999999999999,51.5343985,-0.17886918874792,6500000.0,2018-10-05,True,False,False,True,False,True,False,False,True,False,False,False,False,False,False,False,False,False,False,False,False,False,False,False,False,False,False,False,False,True
602,0.61,51.6102076,-0.1311522,341000.0,2018-10-05,True,False,True,False,False,False,True,False,False,True,False,False,False,False,False,False,False,False,False,False,True,False,False,False,False,False,False,False,False,False
603,0.51,51.4819948,0.0245732,780000.0,2018-10-05,True,False,False,False,True,True,False,False,False,True,False,False,False,False,False,False,False,False,False,False,True,False,False,False,False,False,False,False,False,False
604,0.4209999999999999,51.5967784,-0.0297743,430000.0,2018-10-05,True,False,False,False,True,True,False,False,False,False,False,True,False,False,False,True,False,False,False,False,False,False,False,False,False,False,False,False,False,False
605,0.71,51.5436944,-0.0346334,1090000.0,2018-10-05,True,False,False,False,True,True,False,False,False,True,False,False,False,False,False,False,False,False,False,True,False,False,False,False,False,False,False,False,False,False
606,0.61,51.4548293,-0.1426984,1325000.0,2018-10-05,True,False,False,False,True,True,False,False,False,True,False,False,False,False,False,False,False,False,False,False,True,False,False,False,False,False,False,False,False,False
607,0.51,51.5517233,-0.1758736,950000.0,2018-10-05,True,False,True,False,False,False,True,False,False,True,False,False,False,False,False,False,False,False,False,False,False,False,True,False,False,False,False,False,False,False
608,0.51,51.4558341,-0.0500165,850000.0,2018-10-05,True,False,False,False,True,True,False,False,False,True,False,False,False,False,False,False,False,False,False,False,True,False,False,False,False,False,False,False,False,False
609,0.51,51.4853151,-0.2128002,992500.0,2018-10-05,True,False,False,False,True,True,False,False,False,True,False,False,False,False,False,False,False,False,False,False,True,False,False,False,False,False,False,False,False,False
610,0.51,51.462656,-0.2182854,1300000.0,2018-10-05,True,False,False,False,True,True,False,False,False,True,False,False,False,False,False,False,False,False,False,False,True,False,False,False,False,False,False,False,False,False
611,0.51,51.5093347,-0.2029499,2550000.0,2018-10-05,True,False,False,False,True,True,False,False,False,True,False,False,False,False,False,False,False,False,False,False,True,False,False,False,False,False,False,False,False,False
612,0.51,51.561086,-0.2090836,480000.0,2018-10-05,True,False,True,False,False,False,True,False,False,True,False,False,False,False,False,False,False,False,False,False,True,False,False,False,False,False,False,False,False,False
613,0.51,51.4780119,-0.1312136,480000.0,2018-10-05,True,False,False,False,True,True,False,False,False,True,False,False,False,False,False,False,False,False,False,False,True,False,False,False,False,False,False,False,False,False
614,0.71,51.6116483,-0.1338721,615000.0,2018-10-05,True,False,False,False,True,True,False,False,False,True,False,False,False,False,False,False,False,False,False,False,True,False,False,False,False,False,False,False,False,False
615,0.5199999999999999,51.4626382,-0.1566025,940000.0,2018-10-05,True,False,False,False,True,True,False,False,False,True,False,False,False,False,False,False,False,False,False,False,True,False,False,False,False,False,False,False,False,False
616,0.51,51.4837173,-0.169603,4000000.0,2018-10-05,True,False,False,False,True,True,False,False,False,True,False,False,False,False,False,False,False,False,False,False,True,False,False,False,False,False,False,False,False,False
617,0.4209999999999999,51.5772925666667,-0.0134245888888889,810000.0,2018-10-05,True,False,False,True,False,True,False,False,False,False,False,True,False,False,False,True,False,False,False,False,False,False,False,False,False,False,False,False,False,False
618,0.61,51.5182496,-0.291312,370000.0,2018-10-05,True,False,True,False,False,False,True,False,False,True,False,False,False,False,False,False,False,False,False,False,True,False,False,False,False,False,False,False,False,False
619,0.621,51.5292888250019,-0.0372977586731569,722500.0,2018-10-05,True,False,False,False,True,True,False,False,False,False,False,True,False,False,False,True,False,False,False,False,False,False,False,False,False,False,False,False,False,False
620,0.5199999999999999,51.5692367,-0.0359618,455000.0,2018-10-05,True,False,False,False,True,True,False,False,False,True,False,False,False,False,False,False,False,False,False,False,True,False,False,False,False,False,False,False,False,False
621,0.61,51.6096808,-0.057771,335000.0,2018-10-05,True,False,False,False,True,True,False,False,False,True,False,False,False,False,False,False,False,False,False,False,True,False,False,False,False,False,False,False,False,False
622,0.61,51.5498954,-0.1706111,1944871.0,2018-10-05,True,False,True,False,False,False,True,False,False,True,False,False,False,False,False,False,False,False,False,False,True,False,False,False,False,False,False,False,False,False
623,0.621,51.53857825,-0.228350715988725,847000.0,2018-10-05,True,False,False,False,True,True,False,False,True,False,False,False,False,False,False,False,False,False,False,False,False,False,False,False,False,False,False,False,False,True
624,0.5309999999999999,51.58439,-0.01200215,745000.0,2018-10-05,True,False,False,False,True,True,False,False,True,False,False,False,False,False,False,False,False,False,False,False,False,False,False,False,False,False,False,False,False,True
625,0.51,51.4501494,-0.1832316,1040000.0,2018-10-05,True,False,False,False,True,True,False,False,False,True,False,False,False,False,False,False,False,False,False,False,False,False,False,False,False,False,True,False,False,False
626,0.51,51.5421268,-0.2014616,460000.0,2018-10-05,True,False,True,False,False,False,True,False,False,True,False,False,False,False,False,False,False,False,False,False,True,False,False,False,False,False,False,False,False,False
627,0.61,51.5803244,-0.0959806,760000.0,2018-10-05,True,False,False,False,True,True,False,False,False,True,False,False,False,False,False,False,False,False,False,False,True,False,False,False,False,False,False,False,False,False
628,0.61,51.6425619,-0.1064107,925000.0,2018-10-05,True,False,False,True,False,True,False,False,False,True,False,False,False,False,False,False,False,False,False,False,False,False,False,False,False,False,True,False,False,False
629,0.5309999999999999,51.5814414,-0.0133869,675000.0,2018-10-05,True,False,False,False,True,True,False,False,False,False,False,True,False,False,False,True,False,False,False,False,False,False,False,False,False,False,False,False,False,False
630,0.61,51.4896884,-0.2441603,1300000.0,2018-10-05,True,False,False,False,True,True,False,False,False,True,False,False,False,False,False,False,False,False,False,False,True,False,False,False,False,False,False,False,False,False
631,0.61,51.5621585,-0.2285154,1225000.0,2018-10-05,True,False,False,True,False,True,False,False,False,True,False,False,False,False,False,False,False,False,False,False,True,False,False,False,False,False,False,False,False,False
632,0.51,51.4632929,-0.1404683,730000.0,2018-10-05,True,False,True,False,False,False,True,False,False,True,False,False,False,False,False,False,False,False,True,False,False,False,False,False,False,False,False,False,False,False
633,0.411,51.4585154371429,-0.203756251428571,1300000.0,2018-10-05,True,False,False,False,True,True,False,False,False,False,False,True,False,False,False,True,False,False,False,False,False,False,False,False,False,False,False,False,False,False
634,0.5199999999999999,51.4287781,-0.1591443,400000.0,2018-10-05,True,False,False,False,True,True,False,False,False,True,False,False,False,False,False,False,False,False,False,False,True,False,False,False,False,False,False,False,False,False
635,0.61,51.4498396,-0.0298696,475000.0,2018-10-05,True,False,False,False,True,True,False,False,False,True,False,False,False,False,False,False,False,False,False,False,False,False,False,False,False,False,True,False,False,False
636,0.51,51.3960956,-0.0721936,437000.0,2018-10-05,True,False,False,False,True,True,False,False,False,True,False,False,False,False,False,False,False,False,False,False,True,False,False,False,False,False,False,False,False,False
637,0.61,51.4517075,-0.1879876,602500.0,2018-10-05,True,False,True,False,False,False,True,False,False,True,False,False,False,False,False,False,False,False,False,False,True,False,False,False,False,False,False,False,False,False
638,0.51,51.4308842,0.035946,307000.0,2018-10-05,True,False,False,False,True,True,False,False,False,True,False,False,False,False,False,False,False,False,False,False,True,False,False,False,False,False,False,False,False,False
639,0.4209999999999999,51.5786228320954,-0.0159702174327362,645000.0,2018-10-05,True,False,False,False,True,True,False,False,False,False,False,True,False,False,False,True,False,False,False,False,False,False,False,False,False,False,False,False,False,False
640,0.61,51.4582201,0.0552422,740000.0,2018-10-05,True,False,False,False,True,True,False,False,False,True,False,False,False,False,False,False,False,False,False,False,True,False,False,False,False,False,False,False,False,False
641,0.61,51.4707206,-0.2470511,1665000.0,2018-10-05,True,True,False,False,False,True,False,False,False,True,False,False,False,False,False,False,False,False,False,False,True,False,False,False,False,False,False,False,False,False
642,0.5199999999999999,51.4586313,-0.1661316,1293000.0,2018-10-05,True,False,False,True,False,True,False,False,False,True,False,False,False,False,False,False,False,False,False,False,True,False,False,False,False,False,False,False,False,False
643,0.51,51.4148712,-0.1299267,865000.0,2018-10-05,True,False,False,True,False,True,False,False,False,True,False,False,False,False,False,False,False,False,False,False,True,False,False,False,False,False,False,False,False,False
644,0.71,51.4348642,-0.1333422,1203000.0,2018-10-05,True,False,False,True,False,True,False,False,False,True,False,False,False,False,False,False,False,False,False,False,True,False,False,False,False,False,False,False,False,False
645,0.5209999999999999,51.4546936,-0.202261664229303,1325000.0,2018-10-05,True,False,False,False,True,True,False,False,True,False,False,False,False,False,False,False,False,False,False,False,False,False,False,False,False,False,False,False,False,True
646,0.71,51.4414711,-0.0497004,387500.0,2018-10-05,True,False,False,True,False,False,True,False,False,True,False,False,False,False,False,False,False,False,False,False,True,False,False,False,False,False,False,False,False,False
647,0.621,51.4689214,-0.0327537646528123,700000.0,2018-10-05,True,False,False,True,False,True,False,False,True,False,False,False,False,False,False,False,False,False,False,False,False,False,False,False,False,False,False,False,False,True
648,0.61,51.4996059,0.0953875,308500.0,2018-10-05,True,False,False,False,True,True,False,False,False,True,False,False,False,False,False,False,False,False,False,False,True,False,False,False,False,False,False,False,False,False
649,0.71,51.4181947,-0.1347031,440000.0,2018-10-05,True,False,True,False,False,False,True,False,False,True,False,False,False,False,False,False,False,False,False,False,True,False,False,False,False,False,False,False,False,False
650,0.71,51.4852673,0.0079887,710500.0,2018-10-05,True,False,False,False,True,True,False,False,False,True,False,False,False,False,False,False,False,False,False,False,True,False,False,False,False,False,False,False,False,False
651,0.71,51.4766995,-0.1093756,1000000.0,2018-10-05,True,False,False,False,True,True,False,False,False,True,False,False,False,False,False,False,False,False,False,False,True,False,False,False,False,False,False,False,False,False
652,0.5199999999999999,51.4888316,-0.082336,465000.0,2018-10-05,True,False,True,False,False,False,True,False,False,True,False,False,False,False,False,False,False,False,False,False,True,False,False,False,False,False,False,False,False,False
653,0.52,51.4692415,-0.2517298,1150000.0,2018-10-05,True,False,False,False,True,True,False,False,False,True,False,False,False,False,False,False,False,False,False,False,True,False,False,False,False,False,False,False,False,False
654,0.61,51.4396058,-0.1989189,1033000.0,2018-10-05,True,False,False,False,True,True,False,False,False,True,False,False,False,False,False,False,False,False,False,False,True,False,False,False,False,False,False,False,False,False
655,0.61,51.440448,-0.2452615,300000.0,2018-10-05,True,False,True,False,False,False,True,False,False,True,False,False,False,False,False,False,False,False,False,False,False,False,False,False,False,False,False,True,False,False
656,0.61,51.4155117,-0.1861573,530000.0,2018-10-05,True,False,False,False,True,True,False,False,False,True,False,False,False,False,False,False,False,False,False,False,True,False,False,False,False,False,False,False,False,False
657,0.6309999999999999,51.4426311,-0.185352934080792,575000.0,2018-10-05,True,False,True,False,False,False,True,False,True,False,False,False,False,False,False,False,False,False,False,False,False,False,False,False,False,False,False,False,False,True
658,0.61,51.4453569,-0.1365927,610000.0,2018-10-05,True,False,True,False,False,False,True,False,False,True,False,False,False,False,False,False,False,False,False,False,True,False,False,False,False,False,False,False,False,False
659,0.61,51.5012748,0.1146716,353000.0,2018-10-05,True,False,False,False,True,True,False,False,False,True,False,False,False,False,False,False,False,False,False,False,True,False,False,False,False,False,False,False,False,False
660,0.51,51.4330897,-0.1808906,436000.0,2018-10-05,True,False,True,False,False,False,True,False,False,True,False,False,False,False,False,False,False,False,False,True,False,False,False,False,False,False,False,False,False,False
661,0.42,51.4876888,-0.0798369,540000.0,2018-10-05,True,False,False,False,True,True,False,False,False,True,False,False,False,False,False,False,False,False,False,False,True,False,False,False,False,False,False,False,False,False
662,0.61,51.4209827,-0.0792582,612500.0,2018-10-05,True,False,True,False,False,False,True,False,False,True,False,False,False,False,False,False,False,False,False,False,False,False,False,False,False,False,True,False,False,False
663,0.5199999999999999,51.4098287,-0.2316904,865000.0,2018-10-05,True,False,False,True,False,True,False,False,False,True,False,False,False,False,False,False,False,False,False,False,True,False,False,False,False,False,False,False,False,False
664,0.51,51.4465163,-0.1855788,845000.0,2018-10-05,True,False,False,False,True,True,False,False,False,True,False,False,False,False,False,False,False,False,False,False,True,False,False,False,False,False,False,False,False,False
665,0.51,51.4054195,-0.0582008,566500.0,2018-10-05,True,False,False,True,False,True,False,False,False,True,False,False,False,False,False,False,False,False,False,False,True,False,False,False,False,False,False,False,False,False
666,0.61,51.4526576,-0.200028,1025000.0,2018-10-05,True,False,False,False,True,True,False,False,False,True,False,False,False,False,False,False,False,False,False,False,False,False,False,False,False,False,True,False,False,False
667,0.32,51.38798805,-0.0610764,415000.0,2018-10-05,True,False,True,False,False,False,True,False,False,True,False,False,False,False,False,False,False,False,False,False,True,False,False,False,False,False,False,False,False,False
668,0.61,51.4107187,-0.217739,450000.0,2018-10-05,True,False,True,False,False,False,True,False,False,True,False,False,False,False,False,False,False,False,False,True,False,False,False,False,False,False,False,False,False,False
669,0.51,51.4269214,-0.0849442,500000.0,2018-10-05,True,False,True,False,False,False,True,False,False,True,False,False,False,False,False,False,False,False,False,False,False,False,False,False,False,False,True,False,False,False
670,0.83,51.4534792,-0.0866365,405000.0,2018-10-05,True,False,True,False,False,False,True,False,False,True,False,False,False,False,False,False,False,False,False,True,False,False,False,False,False,False,False,False,False,False
671,0.61,51.4528012,-0.2380136,3485000.0,2018-10-05,True,True,False,False,False,True,False,False,False,True,False,False,False,False,False,False,False,False,False,False,True,False,False,False,False,False,False,False,False,False
672,0.71,51.4386306,-0.1226532,460000.0,2018-10-05,True,False,True,False,False,False,True,False,False,True,False,False,False,False,False,False,False,False,False,False,True,False,False,False,False,False,False,False,False,False
673,0.5209999999999999,51.45072645,-0.196121350000002,672500.0,2018-10-05,True,False,False,True,False,True,False,False,True,False,False,False,False,False,False,False,False,False,False,False,False,False,False,False,False,False,False,False,False,True
674,0.51,51.4413469,-0.1948039,500000.0,2018-10-05,True,False,True,False,False,False,True,False,False,True,False,False,False,False,False,False,False,False,False,False,False,False,False,False,False,False,True,False,False,False
675,0.51,51.4229404,-0.055164,850000.0,2018-10-05,True,False,False,False,True,True,False,False,False,True,False,False,False,False,False,False,False,False,False,False,True,False,False,False,False,False,False,False,False,False
676,0.72,51.500318,-0.0638629,645000.0,2018-10-05,True,True,False,False,False,True,False,False,False,True,False,False,False,False,False,False,False,False,False,False,False,False,False,False,False,False,False,False,True,False
677,0.61,51.4935588,0.1246785,385000.0,2018-10-05,True,False,False,False,True,True,False,False,False,True,False,False,False,False,False,False,False,False,False,False,True,False,False,False,False,False,False,False,False,False
678,0.51,51.4769231,-0.0058296,575000.0,2018-10-05,True,False,True,False,False,False,True,False,False,True,False,False,False,False,False,False,False,False,False,False,False,False,False,False,False,False,True,False,False,False
679,0.61,51.4358279,-0.0924346,670000.0,2018-10-05,True,False,False,False,True,True,False,False,False,True,False,False,False,False,False,False,False,False,False,False,False,False,False,False,False,False,True,False,False,False
680,0.621,51.45834925,-0.0151242408333326,585000.0,2018-10-05,True,False,False,False,True,True,False,False,True,False,False,False,False,False,False,False,False,False,False,False,False,False,False,False,False,False,False,False,False,True
681,0.61,51.4562181,-0.186304,445000.0,2018-10-05,True,False,True,False,False,False,True,False,False,True,False,False,False,False,False,False,False,False,False,False,True,False,False,False,False,False,False,False,False,False
682,0.51,51.4635317,0.0567287,294711.0,2018-10-05,True,False,False,False,True,True,False,False,False,True,False,False,False,False,False,False,False,False,False,False,False,False,False,False,False,False,True,False,False,False
683,0.51,51.4469894,-0.1882298,430000.0,2018-10-05,True,False,True,False,False,False,True,False,False,True,False,False,False,False,False,False,False,False,False,False,True,False,False,False,False,False,False,False,False,False
684,0.51,51.4840454,0.0120661,1275000.0,2018-10-05,True,False,False,True,False,True,False,False,False,True,False,False,False,False,False,False,False,False,False,False,True,False,False,False,False,False,False,False,False,False
685,0.695,51.4643402,0.0071972,485000.0,2018-10-05,True,False,True,False,False,False,True,False,False,True,False,False,False,False,False,False,False,False,False,False,False,False,False,True,False,False,False,False,False,False
686,0.6199999999999999,51.4743232,-0.014016,366500.0,2018-10-05,True,False,False,True,False,False,True,False,False,True,False,False,False,False,False,False,False,False,False,True,False,False,False,False,False,False,False,False,False,False
687,0.51,51.4954006,0.1167003,315000.0,2018-10-05,True,False,False,False,True,True,False,False,False,True,False,False,False,False,False,False,False,False,False,False,True,False,False,False,False,False,False,False,False,False
688,0.51,51.4149124,-0.125858,330000.0,2018-10-05,True,False,True,False,False,False,True,False,False,True,False,False,False,False,False,False,False,False,False,False,True,False,False,False,False,False,False,False,False,False
689,0.621,51.41661715,-0.218483428424315,2775000.0,2018-10-05,True,True,False,False,False,True,False,False,True,False,False,False,False,False,False,False,False,False,False,False,False,False,False,False,False,False,False,False,False,True
690,0.6299999999999999,51.4486358,-0.1736291,1020000.0,2018-10-05,True,False,False,True,False,True,False,False,False,True,False,False,False,False,False,False,False,False,False,False,False,False,False,False,False,False,True,False,False,False
691,0.61,51.4840521,0.0326755,633000.0,2018-10-05,True,False,False,False,True,True,False,False,False,True,False,False,False,False,False,False,False,False,False,False,False,False,False,False,False,False,False,False,True,False
692,0.51,51.4529327,0.0602795,925000.0,2018-10-05,True,False,False,False,True,True,False,False,False,True,False,False,False,False,False,False,False,False,False,False,True,False,False,False,False,False,False,False,False,False
693,0.51,51.4477204,-0.0024171,310000.0,2018-10-05,True,False,True,False,False,False,True,False,False,True,False,False,False,False,False,False,False,False,False,False,True,False,False,False,False,False,False,False,False,False
694,0.61,51.4369957,0.0440106,430000.0,2018-10-05,True,False,False,False,True,True,False,False,False,True,False,False,False,False,False,False,False,False,False,False,True,False,False,False,False,False,False,False,False,False
695,0.61,51.4643744,-0.0639564,478000.0,2018-10-05,True,False,True,False,False,False,True,False,False,True,False,False,False,False,False,False,False,False,False,False,True,False,False,False,False,False,False,False,False,False
696,0.411,51.58310985,-0.0395456596047996,574999.0,2018-10-05,True,False,False,False,True,True,False,False,True,False,False,False,False,False,False,False,False,False,False,False,False,False,False,False,False,False,False,False,False,True
697,0.51,51.4987608,-0.1809757,1575000.0,2018-10-04,True,False,True,False,False,False,True,False,False,True,False,False,False,False,False,False,False,False,False,False,True,False,False,False,False,False,False,False,False,False
698,0.61,51.6052804,-0.1093096,750000.0,2018-10-04,True,False,False,False,True,True,False,False,False,True,False,False,False,False,False,False,False,False,False,False,True,False,False,False,False,False,False,False,False,False
699,0.52,51.5573908,-0.2140984,350000.0,2018-10-04,True,False,True,False,False,False,True,False,False,True,False,False,False,False,False,False,False,False,False,True,False,False,False,False,False,False,False,False,False,False
700,0.51,51.5647981,-0.1268136,575000.0,2018-10-04,True,False,False,False,True,False,True,False,False,True,False,False,False,False,False,False,False,False,False,False,False,False,False,False,False,False,True,False,False,False
701,0.51,51.546363,-0.1758084,1600000.0,2018-10-04,True,False,True,False,False,False,True,False,False,True,False,False,False,False,False,False,False,False,False,False,False,False,True,False,False,False,False,False,False,False
702,0.71,51.4887068,-0.1641509,3800000.0,2018-10-04,True,False,False,False,True,True,False,False,False,True,False,False,False,False,False,False,False,False,False,False,True,False,False,False,False,False,False,False,False,False
703,0.61,51.5392121,0.0349211,380000.0,2018-10-04,True,False,False,False,True,True,False,False,False,True,False,False,False,False,False,False,False,False,False,False,True,False,False,False,False,False,False,False,False,False
704,0.51,51.5045911,-0.1925224,800000.0,2018-10-04,True,False,True,False,False,False,True,False,False,True,False,False,False,False,False,False,False,False,False,False,False,False,True,False,False,False,False,False,False,False
705,0.51,51.4404827,-0.1088538,585000.0,2018-10-04,True,False,True,False,False,False,True,False,False,True,False,False,False,False,False,False,False,False,False,False,False,False,False,False,False,False,False,True,False,False
706,0.61,51.4769896,-0.2088378,1100000.0,2018-10-04,True,False,False,False,True,True,False,False,False,True,False,False,False,False,False,False,False,False,False,False,True,False,False,False,False,False,False,False,False,False
707,0.42,51.598698,0.024545,900000.0,2018-10-04,True,False,False,True,False,True,False,False,False,True,False,False,False,False,False,False,False,False,False,False,True,False,False,False,False,False,False,False,False,False
708,0.61,51.568724,0.009156,973290.0,2018-10-04,True,False,False,True,False,True,False,False,False,True,False,False,False,False,False,False,False,False,False,False,False,False,False,False,False,False,False,False,True,False
709,0.61,51.4736389,-0.166825,900000.0,2018-10-04,True,False,False,False,True,True,False,False,False,True,False,False,False,False,False,False,False,False,False,False,True,False,False,False,False,False,False,False,False,False
710,0.51,51.5613666,-0.0771078,900000.0,2018-10-04,True,False,False,False,True,True,False,False,False,True,False,False,False,False,False,False,False,False,False,False,True,False,False,False,False,False,False,False,False,False
711,0.5199999999999999,51.564124,-0.0092466,355000.0,2018-10-04,True,False,True,False,False,False,True,False,False,True,False,False,False,False,False,False,False,False,False,False,True,False,False,False,False,False,False,False,False,False
712,0.5199999999999999,51.6184996,-0.0046239,542000.0,2018-10-04,True,False,False,True,False,True,False,False,False,True,False,False,False,False,False,False,False,False,False,False,True,False,False,False,False,False,False,False,False,False
713,0.61,51.5692737,-0.1425051,700000.0,2018-10-04,True,False,True,False,False,False,True,False,False,True,False,False,False,False,False,False,False,False,False,False,False,False,True,False,False,False,False,False,False,False
714,0.61,51.5711846,-0.1869681,465000.0,2018-10-04,True,False,True,False,False,False,True,False,False,True,False,False,False,False,False,False,False,False,False,False,True,False,False,False,False,False,False,False,False,False
715,0.5199999999999999,51.6064795,0.0015843,644000.0,2018-10-04,True,False,False,False,True,True,False,False,False,True,False,False,False,False,False,False,False,False,False,False,True,False,False,False,False,False,False,False,False,False
716,0.61,51.4929455,-0.1858866,2085000.0,2018-10-04,True,False,True,False,False,True,False,False,False,True,False,False,False,False,False,False,False,False,False,False,True,False,False,False,False,False,False,False,False,False
717,0.51,51.5977206,-0.2488122,355000.0,2018-10-04,True,False,False,False,True,True,False,False,False,True,False,False,False,False,False,False,False,False,False,False,True,False,False,False,False,False,False,False,False,False
718,0.51,51.4811663,-0.1178265,615000.0,2018-10-04,True,False,False,False,True,True,False,False,False,True,False,False,False,False,False,False,False,False,False,False,True,False,False,False,False,False,False,False,False,False
719,0.41,51.6119537,-0.0017888,1297500.0,2018-10-04,True,False,False,False,True,True,False,False,False,True,False,False,False,False,False,False,False,False,False,False,True,False,False,False,False,False,False,False,False,False
720,0.61,51.4158091,-0.0558165,400000.0,2018-10-04,True,False,False,False,True,True,False,False,False,True,False,False,False,False,False,False,False,False,False,False,True,False,False,False,False,False,False,False,False,False
721,0.51,51.43716,-0.1063645,475000.0,2018-10-04,True,False,False,False,True,False,True,False,False,True,False,False,False,False,False,False,False,False,False,False,True,False,False,False,False,False,False,False,False,False
722,0.51,51.4127366,-0.2233963,935000.0,2018-10-04,True,False,False,True,False,True,False,False,False,True,False,False,False,False,False,False,False,False,False,False,False,False,True,False,False,False,False,False,False,False
723,0.51,51.543858,-0.2034228,480000.0,2018-10-04,True,False,True,False,False,False,True,False,False,True,False,False,False,False,False,False,False,False,False,False,True,False,False,False,False,False,False,False,False,False
724,0.61,51.464536,-0.0742801,640500.0,2018-10-04,True,False,True,False,False,False,True,False,False,True,False,False,False,False,False,False,False,False,False,False,True,False,False,False,False,False,False,False,False,False
725,0.621,51.60905545,-0.193636233333333,950000.0,2018-10-04,True,False,False,True,False,True,False,False,False,False,False,True,False,False,False,True,False,False,False,False,False,False,False,False,False,False,False,False,False,False
726,0.61,51.4532505,-0.2424051,760000.0,2018-10-04,True,False,False,False,True,True,False,False,False,True,False,False,False,False,False,False,False,False,False,False,True,False,False,False,False,False,False,False,False,False
727,0.4209999999999999,51.5678940535211,-0.0285951549295775,1900000.0,2018-10-04,True,False,False,True,False,True,False,False,False,False,False,True,False,False,False,True,False,False,False,False,False,False,False,False,False,False,False,False,False,False
728,0.61,51.4851289,-0.2764516,700000.0,2018-10-04,True,False,False,False,True,True,False,False,False,True,False,False,False,False,False,False,False,False,False,False,True,False,False,False,False,False,False,False,False,False
729,0.51,51.4558942,-0.1021774,695000.0,2018-10-04,True,False,True,False,False,False,True,False,False,True,False,False,False,False,False,False,False,False,False,False,True,False,False,False,False,False,False,False,False,False
730,0.51,51.4840521,0.0326755,630000.0,2018-10-04,True,False,False,True,False,True,False,False,False,True,False,False,False,False,False,False,False,False,False,False,False,False,False,False,False,False,False,False,True,False
731,0.51,51.5183304,-0.195897,680000.0,2018-10-04,True,False,True,False,False,False,True,False,False,True,False,False,False,False,False,False,False,False,False,False,True,False,False,False,False,False,False,False,False,False
732,0.51,51.4388584,-0.2025533,1057500.0,2018-10-04,True,False,False,False,True,True,False,False,False,True,False,False,False,False,False,False,False,False,False,False,True,False,False,False,False,False,False,False,False,False
733,0.51,51.5320772,-0.2046476,585000.0,2018-10-04,True,False,True,False,False,False,True,False,False,True,False,False,False,False,False,False,False,False,False,False,True,False,False,False,False,False,False,False,False,False
734,0.61,51.4492236,-0.1194267,450000.0,2018-10-04,True,False,True,False,False,False,True,False,False,True,False,False,False,False,False,False,False,False,False,False,True,False,False,False,False,False,False,False,False,False
735,0.51,51.4058187,-0.2385911,426000.0,2018-10-04,True,False,False,False,True,True,False,False,False,True,False,False,False,False,False,False,False,False,False,False,True,False,False,False,False,False,False,False,False,False
736,0.51,51.5076991,-0.2092473,2300000.0,2018-10-04,True,False,False,False,True,True,False,False,False,True,False,False,False,False,False,False,False,False,False,False,True,False,False,False,False,False,False,False,False,False
737,0.71,51.4748233,-0.1653072,957000.0,2018-10-04,True,False,True,False,False,False,True,False,False,True,False,False,False,False,False,False,False,False,False,False,False,False,False,False,False,False,False,True,False,False
738,0.61,51.4198882,-0.1178854,590000.0,2018-10-04,True,False,False,True,False,True,False,False,False,True,False,False,False,False,False,False,False,False,False,False,True,False,False,False,False,False,False,False,False,False
739,0.51,51.4526968,-0.0303275,753500.0,2018-10-04,True,False,False,False,True,True,False,False,False,True,False,False,False,False,False,False,False,False,False,False,True,False,False,False,False,False,False,False,False,False
740,0.51,51.418671,-0.2107648,875000.0,2018-10-04,True,False,False,True,False,True,False,False,False,True,False,False,False,False,False,False,False,False,False,False,True,False,False,False,False,False,False,False,False,False
741,0.8099999999999999,51.4408031,-0.163524,445000.0,2018-10-04,True,False,True,False,False,False,True,False,False,True,False,False,False,False,False,False,False,False,False,False,False,False,False,False,False,False,False,False,True,False
742,0.51,51.6222581,-0.1254699,1220000.0,2018-10-04,True,True,False,False,False,True,False,False,False,True,False,False,False,False,False,False,False,False,False,False,True,False,False,False,False,False,False,False,False,False
743,0.71,51.4722413,0.0258134,960000.0,2018-10-04,True,False,False,True,False,True,False,False,False,True,False,False,False,False,False,False,False,False,False,False,True,False,False,False,False,False,False,False,False,False
744,0.51,51.4481263,0.0199019,460000.0,2018-10-04,True,False,False,False,True,True,False,False,False,True,False,False,False,False,False,False,False,False,False,False,True,False,False,False,False,False,False,False,False,False
745,0.61,51.581391,-0.2344942,720000.0,2018-10-04,True,False,False,False,True,True,False,False,False,True,False,False,False,False,False,False,False,False,False,False,True,False,False,False,False,False,False,False,False,False
746,0.51,51.4749803,-0.2176005,2450000.0,2018-10-04,True,False,False,True,False,True,False,False,False,True,False,False,False,False,False,False,False,False,False,False,True,False,False,False,False,False,False,False,False,False
747,0.5199999999999999,51.4435583,-0.1763131,1337500.0,2018-10-04,True,False,False,False,True,True,False,False,False,True,False,False,False,False,False,False,False,False,False,False,True,False,False,False,False,False,False,False,False,False
748,0.4209999999999999,51.5953422,-0.0365948,1420000.0,2018-10-04,True,False,False,False,True,True,False,False,False,False,False,True,False,False,False,True,False,False,False,False,False,False,False,False,False,False,False,False,False,False
749,0.51,51.4501494,-0.1832316,1000000.0,2018-10-04,True,False,False,False,True,True,False,False,False,True,False,False,False,False,False,False,False,False,False,False,False,False,False,False,False,False,True,False,False,False
750,0.51,51.438268,-0.1881899,1101000.0,2018-10-04,True,False,False,False,True,True,False,False,False,True,False,False,False,False,False,False,False,False,False,False,True,False,False,False,False,False,False,False,False,False
751,0.41,51.453718,-0.225499409019166,330000.0,2018-10-04,True,False,True,False,False,False,True,False,False,True,False,False,False,False,False,False,False,False,False,False,True,False,False,False,False,False,False,False,False,False
752,0.51,51.5543873,-0.163839,660000.0,2018-10-03,True,False,True,False,False,False,True,False,False,True,False,False,False,False,False,False,False,False,False,False,False,False,True,False,False,False,False,False,False,False
753,0.6309999999999999,51.5867779172414,-0.0338616931034483,520000.0,2018-10-03,True,False,False,False,True,True,False,False,False,False,False,True,False,False,False,True,False,False,False,False,False,False,False,False,False,False,False,False,False,False
754,0.61,51.5087038,-0.2036783,1362500.0,2018-10-03,True,False,True,False,False,False,True,False,False,True,False,False,False,False,False,False,False,False,False,False,False,False,True,False,False,False,False,False,False,False
755,0.61,51.553816,-0.0939221,830000.0,2018-10-03,True,False,True,False,False,False,True,False,False,True,False,False,False,False,False,False,False,False,False,False,True,False,False,False,False,False,False,False,False,False
756,0.41,51.6000256,-0.1445863,940000.0,2018-10-03,True,False,False,False,True,True,False,False,False,True,False,False,False,False,False,False,False,False,False,False,True,False,False,False,False,False,False,False,False,False
757,0.51,51.499475,-0.2208443,1025000.0,2018-10-03,True,False,True,False,False,False,True,False,False,True,False,False,False,False,False,False,False,False,False,False,True,False,False,False,False,False,False,False,False,False
758,0.61,51.5478725,-0.1388719,785000.0,2018-10-03,True,False,True,False,False,False,True,False,False,True,False,False,False,False,False,False,False,False,False,False,True,False,False,False,False,False,False,False,False,False
759,0.61,51.5041286,-0.2318349,4644000.0,2018-10-03,True,False,False,False,True,True,False,False,False,True,False,False,False,False,False,False,False,False,False,False,True,False,False,False,False,False,False,False,False,False
760,0.61,51.500646,-0.2027432,12850000.0,2018-10-03,True,False,False,False,True,True,False,False,False,True,False,False,False,False,False,False,False,False,False,False,True,False,False,False,False,False,False,False,False,False
761,0.61,51.6149686,-0.0546057,400000.0,2018-10-03,True,False,False,False,True,True,False,False,False,True,False,False,False,False,False,False,False,False,False,False,True,False,False,False,False,False,False,False,False,False
762,0.61,51.4714001,-0.0589868,500000.0,2018-10-03,True,False,False,False,True,True,False,False,False,True,False,False,False,False,False,False,False,False,False,False,True,False,False,False,False,False,False,False,False,False
763,0.51,51.6548192,-0.1060545,274000.0,2018-10-03,True,False,True,False,False,False,True,False,False,True,False,False,False,False,False,False,False,False,False,False,True,False,False,False,False,False,False,False,False,False
764,0.51,51.4901416,-0.1765847,4000000.0,2018-10-03,True,False,False,False,True,True,False,False,False,True,False,False,False,False,False,False,False,False,False,False,True,False,False,False,False,False,False,False,False,False
765,0.5199999999999999,51.4982719,-0.2695004,685000.0,2018-10-03,True,False,True,False,False,False,True,False,False,True,False,False,False,False,False,False,False,False,False,False,True,False,False,False,False,False,False,False,False,False
766,0.4209999999999999,51.5937904181874,-0.0646606501219956,286000.0,2018-10-03,True,False,False,False,True,True,False,False,False,False,False,True,False,False,False,True,False,False,False,False,False,False,False,False,False,False,False,False,False,False
767,0.61,51.600018,-0.2536922,344000.0,2018-10-03,True,False,False,False,True,False,True,False,False,True,False,False,False,False,False,False,False,False,False,False,True,False,False,False,False,False,False,False,False,False
768,0.51,51.5235092,0.0408441,325000.0,2018-10-03,True,False,False,False,True,True,False,False,False,True,False,False,False,False,False,False,False,False,False,False,False,False,False,False,False,False,True,False,False,False
769,0.61,51.4525455,0.0129334,325000.0,2018-10-03,True,False,True,False,False,False,True,False,False,True,False,False,False,False,False,False,False,False,False,False,True,False,False,False,False,False,False,False,False,False
770,0.51,51.5901173,-0.2146393,215000.0,2018-10-03,True,False,True,False,False,False,True,False,False,True,False,False,False,False,False,False,False,False,False,True,False,False,False,False,False,False,False,False,False,False
771,0.721,51.40907765,-0.223792018932017,710000.0,2018-10-03,True,False,False,False,True,True,False,False,True,False,False,False,False,False,False,False,False,False,False,False,False,False,False,False,False,False,False,False,False,True
772,0.621,51.43543845,-0.184135641135816,700000.0,2018-10-03,True,False,False,False,True,True,False,False,True,False,False,False,False,False,False,False,False,False,False,False,False,False,False,False,False,False,False,False,False,True
773,0.5199999999999999,51.4542036,-0.0971824,1100000.0,2018-10-03,True,False,False,True,False,True,False,False,False,True,False,False,False,False,False,False,False,False,False,False,True,False,False,False,False,False,False,False,False,False
774,0.5199999999999999,51.4546438,-0.1546284,1900000.0,2018-10-03,True,False,False,False,True,True,False,False,False,True,False,False,False,False,False,False,False,False,False,False,True,False,False,False,False,False,False,False,False,False
775,0.51,51.464852,-0.2206424,2015000.0,2018-10-03,True,False,False,True,False,True,False,False,False,True,False,False,False,False,False,False,False,False,False,False,True,False,False,False,False,False,False,False,False,False
776,0.51,51.4486708,0.0112281,720000.0,2018-10-03,True,False,False,True,False,True,False,False,False,True,False,False,False,False,False,False,False,False,False,False,True,False,False,False,False,False,False,False,False,False
777,0.51,51.5139658,-0.1936169,1500000.0,2018-10-03,True,False,True,False,False,False,True,False,False,True,False,False,False,False,False,False,False,False,False,False,True,False,False,False,False,False,False,False,False,False
778,0.51,51.5896493,-0.26601,525000.0,2018-10-03,True,False,False,True,False,True,False,False,False,True,False,False,False,False,False,False,False,False,False,False,False,False,False,False,False,False,True,False,False,False
779,0.585,51.5540763,-0.1200339,520000.0,2018-10-03,True,False,False,False,True,False,True,False,False,True,False,False,False,False,False,False,False,False,False,False,False,False,False,True,False,False,False,False,False,False
780,0.61,51.3976951,-0.0699118,375000.0,2018-10-03,True,False,False,False,True,True,False,False,False,True,False,False,False,False,False,False,False,False,False,False,True,False,False,False,False,False,False,False,False,False
781,0.61,51.417226,-0.0776797,330000.0,2018-10-03,True,False,True,False,False,False,True,False,False,True,False,False,False,False,False,False,False,False,False,False,True,False,False,False,False,False,False,False,False,False
782,0.51,51.4924095,-0.0417934,650000.0,2018-10-03,True,False,False,True,False,True,False,False,False,True,False,False,False,False,False,False,False,False,False,False,False,False,True,False,False,False,False,False,False,False
783,0.5209999999999999,51.57590305,-0.10039465,1140000.0,2018-10-03,True,False,False,False,True,True,False,False,True,False,False,False,False,False,False,False,False,False,False,False,False,False,False,False,False,False,False,False,False,True
784,0.51,51.6162572,-0.0646207,265000.0,2018-10-03,True,False,True,False,False,False,True,False,False,True,False,False,False,False,False,False,False,False,False,False,True,False,False,False,False,False,False,False,False,False
785,0.61,51.5618367,-0.2276813,637000.0,2018-10-03,True,False,False,True,False,True,False,False,False,True,False,False,False,False,False,False,False,False,False,False,True,False,False,False,False,False,False,False,False,False
786,0.4209999999999999,51.3225596,-0.1335502,1060000.0,2018-10-03,True,False,False,True,False,True,False,False,False,False,False,True,False,False,False,True,False,False,False,False,False,False,False,False,False,False,False,False,False,False
787,0.61,51.6038121,-0.14431,405000.0,2018-10-03,True,False,True,False,False,False,True,False,False,True,False,False,False,False,False,False,False,False,False,False,True,False,False,False,False,False,False,False,False,False
788,0.71,51.5264384,-0.1253098,535000.0,2018-10-03,True,False,True,False,False,False,True,False,False,True,False,False,False,False,False,False,False,False,False,False,False,False,False,False,False,False,False,False,True,False
789,0.61,51.4265962,-0.1893813,710000.0,2018-10-03,True,False,False,False,True,True,False,False,False,True,False,False,False,False,False,False,False,False,False,False,True,False,False,False,False,False,False,False,False,False
790,0.61,51.4452382,-0.2137757,375000.0,2018-10-03,True,False,True,False,False,False,True,False,False,True,False,False,False,False,False,False,False,False,False,False,True,False,False,False,False,False,False,False,False,False
791,0.5209999999999999,51.5359499,-0.1427562,1800000.0,2018-10-02,True,False,False,False,True,True,False,False,False,False,False,True,False,False,False,True,False,False,False,False,False,False,False,False,False,False,False,False,False,False
792,0.61,51.4924462,-0.019558,375000.0,2018-10-02,True,False,True,False,False,False,True,False,False,True,False,False,False,False,False,False,False,False,False,False,True,False,False,False,False,False,False,False,False,False
793,0.621,51.59033935,-0.0170871777446808,610000.0,2018-10-02,True,False,False,True,False,True,False,True,False,False,False,False,True,False,False,False,False,False,False,False,False,False,False,False,False,False,False,False,False,False
794,0.61,51.5529461,-0.0470179,925000.0,2018-10-02,True,False,False,False,True,True,False,False,False,True,False,False,False,False,False,False,False,False,False,False,True,False,False,False,False,False,False,False,False,False
795,0.5209999999999999,51.6285918,-0.0564218,410000.0,2018-10-02,True,False,False,False,True,True,False,True,False,False,False,False,False,False,False,False,False,False,False,False,False,True,False,False,False,False,False,False,False,False
796,0.61,51.5467584,-0.0713202,890000.0,2018-10-02,True,False,False,False,True,True,False,False,False,True,False,False,False,False,False,False,False,False,False,False,False,False,False,False,False,False,False,False,True,False
797,0.51,51.4687899,-0.1584992,975000.0,2018-10-02,True,False,False,False,True,True,False,False,False,True,False,False,False,False,False,False,False,False,False,False,True,False,False,False,False,False,False,False,False,False
798,0.5209999999999999,51.4809617,-0.115870949999998,1012500.0,2018-10-02,True,False,False,False,True,True,False,False,True,False,False,False,False,False,False,False,False,False,False,False,False,False,False,False,False,False,False,False,False,True
799,0.51,51.5517747,-0.0463428,398000.0,2018-10-02,True,False,False,False,True,True,False,False,False,True,False,False,False,False,False,False,False,False,False,False,True,False,False,False,False,False,False,False,False,False
800,0.61,51.4406499,-0.1225713,975000.0,2018-10-02,True,False,False,True,False,True,False,False,False,True,False,False,False,False,False,False,False,False,False,False,True,False,False,False,False,False,False,False,False,False
801,0.51,51.5609942,-0.1026319,900000.0,2018-10-02,True,False,False,False,True,True,False,False,False,True,False,False,False,False,False,False,False,False,False,False,True,False,False,False,False,False,False,False,False,False
802,0.4209999999999999,51.5854919705882,-0.0254774117647059,380000.0,2018-10-02,True,False,True,False,False,False,True,False,False,False,False,True,False,False,False,True,False,False,False,False,False,False,False,False,False,False,False,False,False,False
803,0.51,51.4554047,-0.1424606,1490000.0,2018-10-02,True,False,False,False,True,True,False,False,False,True,False,False,False,False,False,False,False,False,False,False,True,False,False,False,False,False,False,False,False,False
804,0.51,51.5000374,-0.2271035,1480826.0,2018-10-02,True,False,False,False,True,True,False,False,False,True,False,False,False,False,False,False,False,False,False,False,True,False,False,False,False,False,False,False,False,False
805,0.61,51.5573321,0.019027,220000.0,2018-10-02,True,False,False,False,True,True,False,False,False,True,False,False,False,False,False,False,False,False,False,False,False,False,True,False,False,False,False,False,False,False
806,0.61,51.5035473,-0.1941027,985000.0,2018-10-02,True,False,True,False,False,False,True,False,False,True,False,False,False,False,False,False,False,False,False,False,True,False,False,False,False,False,False,False,False,False
807,0.61,51.5095034,-0.2368746,535000.0,2018-10-02,True,False,False,False,True,False,True,False,False,True,False,False,False,False,False,False,False,False,False,False,True,False,False,False,False,False,False,False,False,False
808,0.585,51.5064046,-0.0656088,560000.0,2018-10-02,True,False,True,False,False,False,True,False,False,True,False,False,False,False,True,False,False,False,False,False,False,False,False,False,False,False,False,False,False,False
809,0.61,51.5114038,0.0439473,328000.0,2018-10-02,True,False,False,False,True,True,False,False,False,True,False,False,False,False,False,False,False,False,False,False,True,False,False,False,False,False,False,False,False,False
810,0.4209999999999999,51.63380985,-0.157603355938784,790000.0,2018-10-02,True,False,False,True,False,True,False,False,True,False,False,False,False,False,False,False,False,False,False,False,False,False,False,False,False,False,False,False,False,True
811,0.51,51.4886071,-0.1881771,985000.0,2018-10-02,True,False,True,False,False,False,True,False,False,True,False,False,False,False,False,False,False,False,False,False,True,False,False,False,False,False,False,False,False,False
812,0.51,51.6117492,-0.1584541,665000.0,2018-10-02,True,False,False,True,False,True,False,False,False,True,False,False,False,False,False,False,False,False,False,False,True,False,False,False,False,False,False,False,False,False
813,0.5199999999999999,51.5407669,-0.0995065,435000.0,2018-10-02,True,False,True,False,False,False,True,False,False,True,False,False,False,False,False,False,False,False,False,False,True,False,False,False,False,False,False,False,False,False
814,0.5209999999999999,51.5659516,-0.1329948,1000000.0,2018-10-02,True,False,False,False,True,False,True,False,False,False,False,True,False,False,False,True,False,False,False,False,False,False,False,False,False,False,False,False,False,False
815,0.631,51.53839485,-0.110195219488635,1245000.0,2018-10-02,True,False,False,False,True,True,False,False,True,False,False,False,False,False,False,False,False,False,False,False,False,False,False,False,False,False,False,False,False,True
816,0.6199999999999999,51.5276957,-0.3025766,975000.0,2018-10-02,True,False,False,False,True,True,False,False,False,True,False,False,False,False,False,False,False,False,False,False,True,False,False,False,False,False,False,False,False,False
817,0.51,51.432307,0.0260657,425000.0,2018-10-02,True,False,False,False,True,True,False,False,False,True,False,False,False,False,False,False,False,False,False,False,True,False,False,False,False,False,False,False,False,False
818,0.71,51.4917891,-0.2424146,1100000.0,2018-10-02,True,False,False,False,True,True,False,False,False,True,False,False,False,False,False,False,False,False,False,False,True,False,False,False,False,False,False,False,False,False
819,0.51,51.4541675,-0.0598477,940000.0,2018-10-02,True,False,False,True,False,True,False,False,False,True,False,False,False,False,False,False,False,False,False,False,True,False,False,False,False,False,False,False,False,False
820,0.72,51.4396499,-0.1703246,499000.0,2018-10-02,True,False,False,False,True,True,False,False,False,True,False,False,False,False,False,False,False,False,False,False,True,False,False,False,False,False,False,False,False,False
821,0.61,51.4742506,-0.0096204,462000.0,2018-10-02,True,False,False,False,True,True,False,False,False,True,False,False,False,False,False,False,False,False,False,False,True,False,False,False,False,False,False,False,False,False
822,0.585,51.4636945,-0.1357866,667000.0,2018-10-02,True,False,False,False,True,True,False,False,False,True,False,False,False,False,True,False,False,False,False,False,False,False,False,False,False,False,False,False,False,False
823,0.42,51.5177584,-0.0217426037349251,565000.0,2018-10-02,True,False,True,False,False,False,True,False,False,False,True,False,False,False,False,False,False,False,False,False,True,False,False,False,False,False,False,False,False,False
824,0.51,51.4282156,-0.1713171,640000.0,2018-10-02,True,False,True,False,False,False,True,False,False,True,False,False,False,False,False,False,False,False,False,False,True,False,False,False,False,False,False,False,False,False
825,0.61,51.4570255,-0.0756178,440000.0,2018-10-02,True,False,True,False,False,False,True,False,False,True,False,False,False,False,False,False,False,False,False,True,False,False,False,False,False,False,False,False,False,False
826,0.71,51.4088727,-0.2105748,464999.0,2018-10-02,True,False,False,False,True,False,True,False,False,True,False,False,False,False,False,False,False,False,False,False,True,False,False,False,False,False,False,False,False,False
827,0.61,51.4550717,-0.1583083,680000.0,2018-10-02,True,False,True,False,False,False,True,False,False,True,False,False,False,False,False,False,False,False,False,False,False,False,False,False,False,False,True,False,False,False
828,0.51,51.4802498,0.076108,535000.0,2018-10-02,True,False,False,True,False,True,False,False,False,True,False,False,False,False,False,False,False,False,False,False,True,False,False,False,False,False,False,False,False,False
829,0.61,51.4261247,-0.1036925,235000.0,2018-10-02,True,False,True,False,False,False,True,False,False,True,False,False,False,False,False,False,False,False,False,False,True,False,False,False,False,False,False,False,False,False
830,0.61,51.4305069,-0.1247662,350000.0,2018-10-02,True,False,True,False,False,False,True,False,False,True,False,False,False,False,False,False,False,False,False,False,True,False,False,False,False,False,False,False,False,False
831,0.51,51.4683333,-0.0310452,612500.0,2018-10-02,True,False,True,False,False,False,True,False,False,True,False,False,False,False,False,False,False,False,False,False,True,False,False,False,False,False,False,False,False,False
832,0.567489186851341,51.5056297,-0.2150124,595000.0,2018-10-01,True,False,True,False,False,False,True,False,False,True,False,False,False,False,False,False,False,False,False,False,False,False,False,False,False,False,True,False,False,False
833,0.71,51.5987269,-0.1077982,510000.0,2018-10-01,True,False,False,False,True,True,False,False,False,True,False,False,False,False,False,False,False,False,False,False,True,False,False,False,False,False,False,False,False,False
834,0.61,51.5653998,-0.2434846,550000.0,2018-10-01,True,False,False,False,True,True,False,False,False,True,False,False,False,False,False,False,False,False,False,False,True,False,False,False,False,False,False,False,False,False
835,0.61,51.5205316,-0.1095729,740000.0,2018-10-01,True,False,False,False,True,True,False,False,False,True,False,False,False,False,False,False,False,False,False,False,False,False,False,False,False,False,False,False,True,False
836,0.51,51.4438938,-0.2389614,425000.0,2018-10-01,True,False,False,False,True,True,False,False,False,True,False,False,False,False,False,False,False,False,False,False,True,False,False,False,False,False,False,False,False,False
837,0.51,51.4769896,-0.2088378,595000.0,2018-10-01,True,False,False,False,True,False,True,False,False,True,False,False,False,False,False,False,False,False,False,False,True,False,False,False,False,False,False,False,False,False
838,0.51,51.5853511,-0.0877739,670000.0,2018-10-01,True,False,False,False,True,True,False,False,False,True,False,False,False,False,False,False,False,False,False,False,True,False,False,False,False,False,False,False,False,False
839,0.51,51.5164885,-0.2022948,1400000.0,2018-10-01,True,False,True,False,False,False,True,False,False,True,False,False,False,False,False,False,False,False,False,False,True,False,False,False,False,False,False,False,False,False
840,0.5209999999999999,51.5948751062838,-0.016234654506075,500000.0,2018-10-01,True,False,False,False,True,True,False,False,False,False,False,True,False,False,False,True,False,False,False,False,False,False,False,False,False,False,False,False,False,False
841,0.51,51.4483606,-0.1316642,750000.0,2018-10-01,True,False,False,False,True,True,False,False,False,True,False,False,False,False,False,False,False,False,False,False,False,False,True,False,False,False,False,False,False,False
842,0.51,51.542813,-0.1442939,1275000.0,2018-10-01,True,False,False,False,True,True,False,False,False,True,False,False,False,False,False,False,False,False,False,True,False,False,False,False,False,False,False,False,False,False
843,0.511,51.5329763,-0.0258592782750364,480000.0,2018-10-01,True,False,True,False,False,False,True,False,True,False,False,False,False,False,False,False,False,False,False,False,False,False,False,False,False,False,False,False,False,True
844,0.585,51.5227071,-0.0234264,385500.0,2018-10-01,True,False,True,False,False,False,True,False,False,True,False,False,False,False,True,False,False,False,False,False,False,False,False,False,False,False,False,False,False,False
845,0.61,51.6266639,-0.0941383,290000.0,2018-10-01,True,False,True,False,False,False,True,False,False,True,False,False,False,False,False,False,False,False,False,False,True,False,False,False,False,False,False,False,False,False
846,0.5199999999999999,51.6170009,0.0094808,525000.0,2018-10-01,True,False,False,True,False,True,False,False,False,True,False,False,False,False,False,False,False,False,False,False,True,False,False,False,False,False,False,False,False,False
847,0.61,51.6263186,-0.0586648,320000.0,2018-10-01,True,False,True,False,False,False,True,False,False,True,False,False,False,False,False,False,False,False,False,False,True,False,False,False,False,False,False,False,False,False
848,0.71,51.4505598,-0.1844061,1210000.0,2018-10-01,True,False,False,False,True,True,False,False,False,True,False,False,False,False,False,False,False,False,False,False,True,False,False,False,False,False,False,False,False,False
849,0.61,51.5528319,0.0198409,350000.0,2018-10-01,True,False,False,False,True,False,True,False,False,True,False,False,False,False,False,False,False,False,False,False,True,False,False,False,False,False,False,False,False,False
850,0.5199999999999999,51.5700718,-0.0291813,391500.0,2018-10-01,True,False,True,False,False,False,True,False,False,True,False,False,False,False,False,False,False,False,False,False,True,False,False,False,False,False,False,False,False,False
851,0.51,51.453838,-0.1219287,1175000.0,2018-10-01,True,False,False,False,True,True,False,False,False,True,False,False,False,False,False,False,False,False,False,False,True,False,False,False,False,False,False,False,False,False
852,0.51,51.5868084,-0.0840333,575000.0,2018-10-01,True,False,False,False,True,True,False,False,False,True,False,False,False,False,False,False,False,False,False,False,True,False,False,False,False,False,False,False,False,False
853,0.51,51.4719348,-0.0571844,585000.0,2018-10-01,True,False,False,False,True,True,False,False,False,True,False,False,False,False,False,False,False,False,False,False,True,False,False,False,False,False,False,False,False,False
854,0.61,51.5162321,-0.1988211,2400000.0,2018-10-01,True,False,False,False,True,True,False,False,False,True,False,False,False,False,False,False,False,False,False,False,True,False,False,False,False,False,False,False,False,False
855,0.5309999999999999,51.5912265717949,-0.0186400538461538,496000.0,2018-10-01,True,False,False,False,True,True,False,False,False,False,False,True,False,False,False,True,False,False,False,False,False,False,False,False,False,False,False,False,False,False
856,0.61,51.6172715,-0.1950061,825000.0,2018-10-01,True,False,False,True,False,True,False,False,False,True,False,False,False,False,False,False,False,False,False,False,True,False,False,False,False,False,False,False,False,False
857,0.51,51.570693,-0.1380824,370000.0,2018-10-01,True,False,True,False,False,False,True,False,False,True,False,False,False,False,False,False,False,False,False,False,False,False,True,False,False,False,False,False,False,False
858,0.61,51.5805224,-0.10281,365000.0,2018-10-01,True,False,False,False,True,False,True,False,False,True,False,False,False,False,False,False,False,False,False,False,True,False,False,False,False,False,False,False,False,False
859,0.6299999999999999,51.5610468,-0.00971,475000.0,2018-10-01,True,False,False,True,False,True,False,False,False,True,False,False,False,False,False,False,False,False,False,False,True,False,False,False,False,False,False,False,False,False
860,0.61,51.4937308,-0.1716517,1325000.0,2018-10-01,True,False,True,False,False,False,True,False,False,True,False,False,False,False,False,False,False,False,False,False,False,False,False,False,False,False,True,False,False,False
861,0.5199999999999999,51.5828043,0.0273053,636660.0,2018-10-01,True,False,False,False,True,True,False,False,False,True,False,False,False,False,False,False,False,False,False,False,True,False,False,False,False,False,False,False,False,False
862,0.4209999999999999,51.59591632,-0.03910068,1100000.0,2018-10-01,True,False,False,False,True,True,False,False,False,False,False,True,False,False,False,True,False,False,False,False,False,False,False,False,False,False,False,False,False,False
863,0.51,51.5567256,-0.0466559,875000.0,2018-10-01,True,False,False,False,True,True,False,False,False,True,False,False,False,False,False,False,False,False,False,False,False,False,False,False,False,False,True,False,False,False
864,0.5199999999999999,51.4663141,-0.1554063,422500.0,2018-10-01,True,False,True,False,False,False,True,False,False,True,False,False,False,False,False,False,False,False,False,False,True,False,False,False,False,False,False,False,False,False
865,0.5199999999999999,51.5329756,-0.1000567,840000.0,2018-10-01,True,False,False,False,True,False,True,False,False,True,False,False,False,False,False,False,False,False,False,False,False,False,False,False,False,False,False,False,True,False
866,0.61,51.4780375,0.0882188,340000.0,2018-10-01,True,False,False,False,True,True,False,False,False,True,False,False,False,False,False,False,False,False,False,False,False,False,False,False,False,False,True,False,False,False
867,0.51,51.5580876,-0.1436932,1980000.0,2018-10-01,True,False,False,True,False,True,False,False,False,True,False,False,False,False,False,False,False,False,False,False,False,False,False,False,False,False,True,False,False,False
868,0.61,51.4750068,-0.1936384,2050000.0,2018-10-01,True,False,False,False,True,True,False,False,False,True,False,False,False,False,False,False,False,False,False,False,True,False,False,False,False,False,False,False,False,False
869,0.61,51.5030157,-0.2970337,560000.0,2018-10-01,True,False,False,True,False,True,False,False,False,True,False,False,False,False,False,False,False,False,False,False,True,False,False,False,False,False,False,False,False,False
870,0.61,51.5184607,-0.2231689,2250000.0,2018-10-01,True,False,False,False,True,True,False,False,False,True,False,False,False,False,False,False,False,False,False,False,True,False,False,False,False,False,False,False,False,False
871,0.61,51.4257247,-0.1575044,290000.0,2018-10-01,True,False,True,False,False,False,True,False,False,True,False,False,False,False,False,False,False,False,False,False,True,False,False,False,False,False,False,False,False,False
872,0.5309999999999999,51.47052235,-0.0753967982558998,1215000.0,2018-10-01,True,False,False,False,True,True,False,False,True,False,False,False,False,False,False,False,False,False,False,False,False,False,False,False,False,False,False,False,False,True
873,0.61,51.4740003,-0.2131646,1350000.0,2018-10-01,True,False,False,False,True,True,False,False,False,True,False,False,False,False,False,False,False,False,False,False,True,False,False,False,False,False,False,False,False,False
874,0.5209999999999999,51.58087645,-0.0087103339702053,641000.0,2018-10-01,True,False,False,False,True,True,False,False,True,False,False,False,False,False,False,False,False,False,False,False,False,False,False,False,False,False,False,False,False,True
875,0.61,51.5360884,-0.1668324,2835000.0,2018-10-01,True,False,False,False,True,True,False,False,False,True,False,False,False,False,False,False,False,False,False,False,True,False,False,False,False,False,False,False,False,False
876,0.61,51.5034433,-0.0436084,635000.0,2018-10-01,True,False,False,False,True,True,False,False,False,True,False,False,False,False,False,False,False,False,False,False,True,False,False,False,False,False,False,False,False,False
877,0.51,51.548387,-0.0740353,1205000.0,2018-10-01,True,False,False,False,True,True,False,False,False,True,False,False,False,False,False,False,False,False,False,False,True,False,False,False,False,False,False,False,False,False
878,0.61,51.4435242,-0.0364599,497500.0,2018-10-01,True,False,False,False,True,True,False,False,False,True,False,False,False,False,False,False,False,False,False,False,True,False,False,False,False,False,False,False,False,False
879,0.71,51.6196727,-0.2454261,1125000.0,2018-10-01,True,True,False,False,False,True,False,False,False,True,False,False,False,False,False,False,False,False,False,False,True,False,False,False,False,False,False,False,False,False
880,0.5309999999999999,51.5277902,-0.183061488332918,5495000.0,2018-10-01,True,True,False,False,False,True,False,False,True,False,False,False,False,False,False,False,False,False,False,False,False,False,False,False,False,False,False,False,False,True
881,0.51,51.465187,-0.1293287,499000.0,2018-10-01,True,False,True,False,False,False,True,False,False,True,False,False,False,False,False,False,False,False,False,False,False,False,True,False,False,False,False,False,False,False
882,0.5209999999999999,51.53973345,-0.2033118,870000.0,2018-10-01,True,False,False,False,True,True,False,False,True,False,False,False,False,False,False,False,False,False,False,False,False,False,False,False,False,False,False,False,False,True
883,0.61,51.5530347,-0.205699,940000.0,2018-10-01,True,False,False,True,False,True,False,False,False,True,False,False,False,False,False,False,False,False,False,False,False,False,False,False,False,False,True,False,False,False
884,0.71,51.6058999,-0.1500881,500000.0,2018-10-01,True,False,False,False,True,True,False,False,False,True,False,False,False,False,False,False,False,False,False,False,False,False,True,False,False,False,False,False,False,False
885,0.52,51.4585763,0.0084547,460000.0,2018-10-01,True,False,True,False,False,False,True,False,False,True,False,False,False,False,False,False,False,False,False,False,True,False,False,False,False,False,False,False,False,False
886,0.51,51.5540696,-0.1429142,1630000.0,2018-10-01,True,False,False,False,True,True,False,False,False,True,False,False,False,False,False,False,False,False,False,False,True,False,False,False,False,False,False,False,False,False
887,0.4209999999999999,51.4636047,-0.0709564333488598,630000.0,2018-10-01,True,False,False,False,True,True,False,False,True,False,False,False,False,False,False,False,False,False,False,False,False,False,False,False,False,False,False,False,False,True
888,0.321,51.64122325,-0.187336,815000.0,2018-10-01,True,False,False,True,False,True,False,False,True,False,False,False,False,False,False,False,False,False,False,False,False,False,False,False,False,False,False,False,False,True
889,0.61,51.5956425,-0.1950018,897000.0,2018-10-01,True,False,False,True,False,True,False,False,False,True,False,False,False,False,False,False,False,False,False,False,True,False,False,False,False,False,False,False,False,False
890,0.51,51.4025458,-0.0813393,415000.0,2018-10-01,True,False,False,False,True,True,False,False,False,True,False,False,False,False,False,False,False,False,False,False,True,False,False,False,False,False,False,False,False,False
891,0.61,51.6117899,-0.1012976,520000.0,2018-10-01,True,False,False,False,True,True,False,False,False,True,False,False,False,False,False,False,False,False,False,False,True,False,False,False,False,False,False,False,False,False
892,0.51,51.5411378,-0.1941984,590000.0,2018-10-01,True,False,True,False,False,False,True,False,False,True,False,False,False,False,False,False,False,False,False,False,True,False,False,False,False,False,False,False,False,False
893,0.311,51.5811543,-0.0263245090909091,495000.0,2018-10-01,True,False,True,False,False,False,True,False,False,False,False,True,False,False,False,True,False,False,False,False,False,False,False,False,False,False,False,False,False,False
894,0.71,51.5223775,-0.1187141,630000.0,2018-10-01,True,False,True,False,False,False,True,False,False,True,False,False,False,False,False,False,False,False,False,False,False,False,False,False,False,False,False,False,True,False
895,0.6199999999999999,51.4159797,-0.2326477,910000.0,2018-10-01,True,False,False,False,True,True,False,False,False,True,False,False,False,False,False,False,False,False,False,False,False,False,True,False,False,False,False,False,False,False
896,0.51,51.4570541,-0.0242175,610000.0,2018-10-01,True,False,True,False,False,False,True,False,False,True,False,False,False,False,False,False,False,False,False,False,False,False,True,False,False,False,False,False,False,False
897,0.51,51.4521027,0.0087797,750000.0,2018-10-01,True,False,True,False,False,False,True,False,False,True,False,False,False,False,False,False,False,False,False,False,True,False,False,False,False,False,False,False,False,False
898,0.72,51.4655994,-0.154052,587500.0,2018-10-01,True,False,True,False,False,False,True,False,False,True,False,False,False,False,False,False,False,False,False,False,True,False,False,False,False,False,False,False,False,False
899,0.61,51.4261247,-0.1036925,355000.0,2018-10-01,True,False,True,False,False,False,True,False,False,True,False,False,False,False,False,False,False,False,False,False,True,False,False,False,False,False,False,False,False,False
900,0.61,51.4731331,-0.1482651,422500.0,2018-10-01,True,False,True,False,False,False,True,False,False,True,False,False,False,False,False,False,False,False,False,True,False,False,False,False,False,False,False,False,False,False
901,0.71,51.4267669,-0.2326719,4700000.0,2018-10-01,True,False,False,False,True,True,False,False,False,True,False,False,False,False,False,False,False,False,False,False,True,False,False,False,False,False,False,False,False,False
902,0.8099999999999999,51.4531401,-0.0743999,775000.0,2018-10-01,True,False,False,True,False,True,False,False,False,True,False,False,False,False,False,False,False,False,False,False,True,False,False,False,False,False,False,False,False,False
903,0.71,51.3995295,-0.0773147,405000.0,2018-10-01,True,False,False,False,True,True,False,False,False,True,False,False,False,False,False,False,False,False,False,False,True,False,False,False,False,False,False,False,False,False
904,0.6199999999999999,51.4660742,-0.0343834,645000.0,2018-10-01,True,False,False,True,False,True,False,False,False,True,False,False,False,False,False,False,False,False,False,False,True,False,False,False,False,False,False,False,False,False
905,0.61,51.4470192,-0.0964044,940000.0,2018-10-01,True,False,False,True,False,True,False,False,False,True,False,False,False,False,False,False,False,False,False,True,False,False,False,False,False,False,False,False,False,False
906,0.71,51.4581478,-0.2356405,880000.0,2018-10-01,True,False,False,True,False,True,False,False,False,True,False,False,False,False,False,False,False,False,False,False,True,False,False,False,False,False,False,False,False,False
907,0.5199999999999999,51.4603244,-0.1647671,1520000.0,2018-10-01,True,False,False,False,True,True,False,False,False,True,False,False,False,False,False,False,False,False,False,False,True,False,False,False,False,False,False,False,False,False
908,0.6199999999999999,51.4653279,-0.0311557,315000.0,2018-10-01,True,False,True,False,False,False,True,False,False,True,False,False,False,False,False,False,False,False,False,False,False,False,False,False,False,False,True,False,False,False
909,0.51,51.4518335,-0.0426837,682500.0,2018-10-01,True,False,False,False,True,True,False,False,False,True,False,False,False,False,False,False,False,False,False,False,True,False,False,False,False,False,False,False,False,False
910,0.51,51.440383,0.00269,326000.0,2018-10-01,True,False,False,False,True,True,False,False,False,True,False,False,False,False,False,False,False,False,False,False,True,False,False,False,False,False,False,False,False,False
911,0.61,51.4957353,-0.0384813,685000.0,2018-09-29,True,False,True,False,False,False,True,False,False,True,False,False,False,False,False,False,False,False,False,False,True,False,False,False,False,False,False,False,False,False
912,0.41,51.5163647,-0.0780317042977459,620000.0,2018-09-28,True,False,False,True,False,False,True,False,False,True,False,False,False,False,False,False,False,False,True,False,False,False,False,False,False,False,False,False,False,False
913,0.61,51.447974,-0.0196932,365000.0,2018-09-28,True,False,False,False,True,True,False,False,False,True,False,False,False,False,False,False,False,False,False,False,True,False,False,False,False,False,False,False,False,False
914,0.51,51.5193062,-0.1621963,1100000.0,2018-09-28,True,False,False,False,True,True,False,False,False,True,False,False,False,False,False,False,False,False,False,False,False,False,False,False,False,False,False,False,True,False
915,0.5209999999999999,51.5187923,-0.0468599537110799,417000.0,2018-09-28,True,False,True,False,False,False,True,False,True,False,False,False,False,False,False,False,False,False,False,False,False,False,False,False,False,False,False,False,False,True
916,0.5199999999999999,51.5956424,-0.0273484,440000.0,2018-09-28,True,False,False,False,True,True,False,False,False,True,False,False,False,False,False,False,False,False,False,False,True,False,False,False,False,False,False,False,False,False
917,0.585,51.4291001,0.0547582,335000.0,2018-09-28,True,False,False,False,True,True,False,False,False,True,False,False,False,False,True,False,False,False,False,False,False,False,False,False,False,False,False,False,False,False
918,0.61,51.4349093,-0.0618072,275000.0,2018-09-28,True,False,False,False,True,True,False,False,False,True,False,False,False,False,False,False,False,False,False,False,True,False,False,False,False,False,False,False,False,False
919,0.51,51.5333689,-0.0075327,290000.0,2018-09-28,True,False,True,False,False,False,True,False,False,True,False,False,False,False,False,False,False,False,False,False,True,False,False,False,False,False,False,False,False,False
920,0.61,51.5248745,-0.0460281,411000.0,2018-09-28,True,False,True,False,False,False,True,False,False,True,False,False,False,False,False,False,False,False,False,False,True,False,False,False,False,False,False,False,False,False
921,0.51,51.4842866,0.0911989,487500.0,2018-09-28,True,False,False,False,True,True,False,False,False,True,False,False,False,False,False,False,False,False,False,False,False,False,False,False,False,False,True,False,False,False
922,0.41,51.510181,-0.210420107708852,107400.0,2018-09-28,True,False,True,False,False,False,True,False,False,True,False,False,False,False,False,False,False,False,True,False,False,False,False,False,False,False,False,False,False,False
923,0.51,51.5103051,-0.0556102,425000.0,2018-09-28,True,False,True,False,False,False,True,False,False,True,False,False,False,False,False,False,False,False,False,False,True,False,False,False,False,False,False,False,False,False
924,0.41,51.510181,-0.210420107708852,107400.0,2018-09-28,True,False,True,False,False,False,True,False,False,True,False,False,False,False,False,False,False,False,True,False,False,False,False,False,False,False,False,False,False,False
925,0.71,51.6069504,-0.2115973,396250.0,2018-09-28,True,False,True,False,False,False,True,False,False,True,False,False,False,False,False,False,False,False,False,False,True,False,False,False,False,False,False,False,False,False
926,0.585,51.488463,-0.2015273,790000.0,2018-09-28,True,False,False,False,True,True,False,False,False,True,False,False,False,False,True,False,False,False,False,False,False,False,False,False,False,False,False,False,False,False
927,0.41,51.510181,-0.210420107708852,107400.0,2018-09-28,True,False,True,False,False,False,True,False,False,True,False,False,False,False,False,False,False,False,True,False,False,False,False,False,False,False,False,False,False,False
928,0.61,51.6000238,-0.0611363,425000.0,2018-09-28,True,False,False,False,True,True,False,False,False,True,False,False,False,False,False,False,False,False,False,False,True,False,False,False,False,False,False,False,False,False
929,0.621,51.56088055,-0.109431949945887,1135000.0,2018-09-28,True,False,False,False,True,True,False,False,True,False,False,False,False,False,False,False,False,False,False,False,False,False,False,False,False,False,False,False,False,True
930,0.61,51.5179306,0.0369601,260000.0,2018-09-28,True,False,True,False,False,False,True,False,False,True,False,False,False,False,False,False,False,False,False,False,True,False,False,False,False,False,False,False,False,False
931,0.5209999999999999,51.4419138304348,-0.14433542173913,1050000.0,2018-09-28,True,False,False,True,False,True,False,False,False,False,False,True,False,False,False,True,False,False,False,False,False,False,False,False,False,False,False,False,False,False
932,0.61,51.4885229,0.119608,408000.0,2018-09-28,True,False,False,False,True,True,False,False,False,True,False,False,False,False,False,False,False,False,False,False,True,False,False,False,False,False,False,False,False,False
933,0.6199999999999999,51.4840726,0.0864116,450000.0,2018-09-28,True,False,False,False,True,True,False,False,False,True,False,False,False,False,False,False,False,False,False,False,True,False,False,False,False,False,False,False,False,False
934,0.61,51.6067464,-0.1869444,345000.0,2018-09-28,True,False,True,False,False,False,True,False,False,True,False,False,False,False,False,False,False,False,False,False,True,False,False,False,False,False,False,False,False,False
935,0.51,51.5432949,-0.2485908,608000.0,2018-09-28,True,False,False,False,True,True,False,False,False,True,False,False,False,False,False,False,False,False,False,False,True,False,False,False,False,False,False,False,False,False
936,0.41,51.5721921,-0.0105667390940786,715000.0,2018-09-28,True,False,True,False,False,False,True,False,False,True,False,False,False,False,False,False,False,False,False,False,True,False,False,False,False,False,False,False,False,False
937,0.61,51.6043851,-0.0847936,417500.0,2018-09-28,True,False,False,True,False,True,False,False,False,True,False,False,False,False,False,False,False,False,False,False,True,False,False,False,False,False,False,False,False,False
938,0.51,51.6313419,-0.0424404,455000.0,2018-09-28,True,False,False,True,False,True,False,False,False,True,False,False,False,False,False,False,False,False,False,False,True,False,False,False,False,False,False,False,False,False
939,0.51,51.5250215,-0.1045029,1270000.0,2018-09-28,True,False,False,False,True,True,False,False,False,True,False,False,False,False,False,False,False,False,False,False,False,False,False,False,False,False,False,False,True,False
940,0.4209999999999999,51.6341956,-0.158398855022652,430000.0,2018-09-28,True,False,True,False,False,False,True,False,True,False,False,False,False,False,False,False,False,False,False,False,False,False,False,False,False,False,False,False,False,True
941,0.61,51.6372821,-0.1426437,600000.0,2018-09-28,True,False,False,True,False,True,False,False,False,True,False,False,False,False,False,False,False,False,False,False,True,False,False,False,False,False,False,False,False,False
942,0.61,51.5571587,-0.0571215,300000.0,2018-09-28,True,False,True,False,False,False,True,False,False,True,False,False,False,False,False,False,False,False,False,False,True,False,False,False,False,False,False,False,False,False
943,0.51,51.6104636,-0.2364337,2250000.0,2018-09-28,True,True,False,False,False,True,False,False,False,True,False,False,False,False,False,False,False,False,False,False,True,False,False,False,False,False,False,False,False,False
944,0.6199999999999999,51.6273246,0.0098968,610000.0,2018-09-28,True,False,False,False,True,True,False,False,False,True,False,False,False,False,False,False,False,False,False,False,True,False,False,False,False,False,False,False,False,False
945,0.61,51.5783747,-0.1249976,950000.0,2018-09-28,True,False,True,False,False,False,True,False,False,True,False,False,False,False,False,False,False,False,False,False,True,False,False,False,False,False,False,False,False,False
946,0.6199999999999999,51.6137228,-0.0127612,420000.0,2018-09-28,True,False,False,False,True,True,False,False,False,True,False,False,False,False,False,False,False,False,False,False,True,False,False,False,False,False,False,False,False,False
947,0.6199999999999999,51.5059695,-0.329404,570000.0,2018-09-28,True,False,False,False,True,True,False,False,False,True,False,False,False,False,False,False,False,False,False,False,True,False,False,False,False,False,False,False,False,False
948,0.4209999999999999,51.59857086,-0.01231464,515000.0,2018-09-28,True,False,True,False,False,False,True,False,False,False,False,True,False,False,False,True,False,False,False,False,False,False,False,False,False,False,False,False,False,False
949,0.51,51.5331732,-0.2456265,700000.0,2018-09-28,True,False,False,False,True,True,False,False,False,True,False,False,False,False,False,False,False,False,False,False,True,False,False,False,False,False,False,False,False,False
950,0.51,51.5676633,-0.108082,408000.0,2018-09-28,True,False,True,False,False,False,True,False,False,True,False,False,False,False,False,False,False,False,False,False,True,False,False,False,False,False,False,False,False,False
951,0.51,51.5036087,-0.3352889,455500.0,2018-09-28,True,False,False,False,True,True,False,False,False,True,False,False,False,False,False,False,False,False,False,False,True,False,False,False,False,False,False,False,False,False
952,0.5309999999999999,51.5780979,-0.0267441,495000.0,2018-09-28,True,False,False,False,True,True,False,False,False,False,False,True,False,False,False,True,False,False,False,False,False,False,False,False,False,False,False,False,False,False
953,0.51,51.4838706,0.0310341,752500.0,2018-09-28,True,False,False,False,True,True,False,False,False,True,False,False,False,False,False,False,False,False,False,False,True,False,False,False,False,False,False,False,False,False
954,0.51,51.4368044,-0.0096889,700000.0,2018-09-28,True,False,False,True,False,True,False,False,False,True,False,False,False,False,False,False,False,False,False,False,True,False,False,False,False,False,False,False,False,False
955,0.51,51.5972939,0.013266,530000.0,2018-09-28,True,False,False,False,True,True,False,False,False,True,False,False,False,False,False,False,False,False,False,False,True,False,False,False,False,False,False,False,False,False
956,0.51,51.5593439,-0.1218163,800000.0,2018-09-28,True,False,False,False,True,True,False,False,False,True,False,False,False,False,False,False,False,False,False,False,True,False,False,False,False,False,False,False,False,False
957,0.51,51.56008,-0.100381,1050000.0,2018-09-28,True,False,False,False,True,True,False,False,False,True,False,False,False,False,False,False,False,False,False,False,False,False,False,False,False,False,True,False,False,False
958,0.61,51.6007653,-0.1177443,855000.0,2018-09-28,True,False,False,False,True,True,False,False,False,True,False,False,False,False,False,False,False,False,False,False,True,False,False,False,False,False,False,False,False,False
959,0.5309999999999999,51.4384511923077,-0.144082530769231,1370000.0,2018-09-28,True,False,False,True,False,True,False,False,False,False,False,True,False,False,False,True,False,False,False,False,False,False,False,False,False,False,False,False,False,False
960,0.4209999999999999,51.5751715,-0.01746162,325500.0,2018-09-28,True,False,True,False,False,False,True,False,False,False,False,True,False,False,False,True,False,False,False,False,False,False,False,False,False,False,False,False,False,False
961,0.51,51.5061421,-0.2303232,1275000.0,2018-09-28,True,False,False,False,True,True,False,False,False,True,False,False,False,False,False,False,False,False,False,False,True,False,False,False,False,False,False,False,False,False
962,0.61,51.5354406,0.0562851,410000.0,2018-09-28,True,False,False,False,True,True,False,False,False,True,False,False,False,False,False,False,False,False,False,False,True,False,False,False,False,False,False,False,False,False
963,0.6199999999999999,51.5162519,-0.315641,530000.0,2018-09-28,True,False,True,False,False,False,True,False,False,True,False,False,False,False,False,False,False,False,False,False,True,False,False,False,False,False,False,False,False,False
964,0.6299999999999999,51.4892018,-0.1650911,2700000.0,2018-09-28,True,False,False,False,True,True,False,False,False,True,False,False,False,False,False,False,False,False,False,False,True,False,False,False,False,False,False,False,False,False
965,0.5199999999999999,51.517879,-0.315266,430000.0,2018-09-28,True,False,True,False,False,False,True,False,False,True,False,False,False,False,False,False,False,False,False,False,True,False,False,False,False,False,False,False,False,False
966,0.61,51.490007,-0.0242814,480000.0,2018-09-28,True,False,True,False,False,False,True,False,False,True,False,False,False,False,False,False,False,False,False,False,True,False,False,False,False,False,False,False,False,False
967,0.51,51.5265845,-0.2522774,345000.0,2018-09-28,True,False,True,False,False,False,True,False,False,True,False,False,False,False,False,False,False,False,False,False,True,False,False,False,False,False,False,False,False,False
968,0.51,51.5772413,-0.1196593,785000.0,2018-09-28,True,False,False,False,True,False,True,False,False,True,False,False,False,False,False,False,False,False,False,False,True,False,False,False,False,False,False,False,False,False
969,0.51,51.4580719,-0.1248165,1105000.0,2018-09-28,True,False,False,False,True,True,False,False,False,True,False,False,False,False,False,False,False,False,False,False,True,False,False,False,False,False,False,False,False,False
970,0.51,51.4361698,-0.1639897,810000.0,2018-09-28,True,False,False,False,True,True,False,False,False,True,False,False,False,False,False,False,False,False,False,False,True,False,False,False,False,False,False,False,False,False
971,0.61,51.4411249,0.0073961,490000.0,2018-09-28,True,False,False,False,True,True,False,False,False,True,False,False,False,False,False,False,False,False,False,False,True,False,False,False,False,False,False,False,False,False
972,0.51,51.4840454,0.0120661,965000.0,2018-09-28,True,False,False,False,True,True,False,False,False,True,False,False,False,False,False,False,False,False,False,False,True,False,False,False,False,False,False,False,False,False
973,0.61,51.5824366,-0.0699515,450000.0,2018-09-28,True,False,True,False,False,False,True,False,False,True,False,False,False,False,False,False,False,False,False,False,True,False,False,False,False,False,False,False,False,False
974,0.71,51.6126027,-0.2122124,750000.0,2018-09-28,True,False,False,False,True,True,False,False,False,True,False,False,False,False,False,False,False,False,False,False,True,False,False,False,False,False,False,False,False,False
975,0.61,51.5827647,-0.0593327,300000.0,2018-09-28,True,False,False,False,True,True,False,False,False,True,False,False,False,False,False,False,False,False,False,False,True,False,False,False,False,False,False,False,False,False
976,0.61,51.5781016,-0.107813,435000.0,2018-09-28,True,False,True,False,False,False,True,False,False,True,False,False,False,False,False,False,False,False,False,False,True,False,False,False,False,False,False,False,False,False
977,0.61,51.6336324,-0.0951236,380000.0,2018-09-28,True,False,True,False,False,False,True,False,False,True,False,False,False,False,False,False,False,False,False,False,True,False,False,False,False,False,False,False,False,False
978,0.51,51.6319573,-0.0489948,163000.0,2018-09-28,True,False,False,False,True,True,False,False,False,True,False,False,False,False,False,False,False,False,False,False,True,False,False,False,False,False,False,False,False,False
979,0.5199999999999999,51.5643183,0.0123075,751580.0,2018-09-28,True,False,False,False,True,True,False,False,False,True,False,False,False,False,False,False,False,False,False,False,True,False,False,False,False,False,False,False,False,False
980,0.5309999999999999,51.59914325,0.0009367898347301,429500.0,2018-09-28,True,False,False,True,False,True,False,False,True,False,False,False,False,False,False,False,False,False,False,False,False,False,False,False,False,False,False,False,False,True
981,0.71,51.5260184,0.0650032,285000.0,2018-09-28,True,False,True,False,False,False,True,False,False,True,False,False,False,False,False,False,False,False,False,False,True,False,False,False,False,False,False,False,False,False
982,0.5199999999999999,51.5278886,0.0336938,382500.0,2018-09-28,True,False,False,False,True,True,False,False,False,True,False,False,False,False,False,False,False,False,False,False,True,False,False,False,False,False,False,False,False,False
983,0.5209999999999999,51.59839578,-0.0044678933333333,242000.0,2018-09-28,True,False,True,False,False,False,True,False,False,False,False,True,False,False,False,True,False,False,False,False,False,False,False,False,False,False,False,False,False,False
984,0.485,51.5430672,-0.0566858,457500.0,2018-09-28,True,False,True,False,False,False,True,False,False,True,False,False,False,False,False,False,False,False,False,False,False,False,False,True,False,False,False,False,False,False
985,0.51,51.5631622,-0.121772,580000.0,2018-09-28,True,False,True,False,False,False,True,False,False,True,False,False,False,False,False,False,False,False,False,False,True,False,False,False,False,False,False,False,False,False
986,0.5199999999999999,51.6156312,0.002271,784000.0,2018-09-28,True,True,False,False,False,True,False,False,False,True,False,False,False,False,False,False,False,False,False,False,True,False,False,False,False,False,False,False,False,False
987,0.5199999999999999,51.6437294,-0.0111592,575000.0,2018-09-28,True,False,False,True,False,True,False,False,False,True,False,False,False,False,False,False,False,False,False,True,False,False,False,False,False,False,False,False,False,False
988,0.5199999999999999,51.5739843,0.0097088,800000.0,2018-09-28,True,False,False,False,True,True,False,False,False,True,False,False,False,False,False,False,False,False,False,False,True,False,False,False,False,False,False,False,False,False
989,0.71,51.5497721,0.0350007,925000.0,2018-09-28,True,False,False,False,True,True,False,False,False,True,False,False,False,False,False,False,False,False,False,False,True,False,False,False,False,False,False,False,False,False
990,0.5199999999999999,51.5371958,0.0520124,420000.0,2018-09-28,True,False,False,False,True,True,False,False,False,True,False,False,False,False,False,False,False,False,False,False,True,False,False,False,False,False,False,False,False,False
991,0.51,51.5772413,-0.1196593,430000.0,2018-09-28,True,False,True,False,False,False,True,False,False,True,False,False,False,False,False,False,False,False,False,False,True,False,False,False,False,False,False,False,False,False
992,0.41,51.5752361,0.00738,330000.0,2018-09-28,True,False,True,False,False,False,True,False,False,True,False,False,False,False,False,False,False,False,False,False,True,False,False,False,False,False,False,False,False,False
993,0.5199999999999999,51.5666373,-0.0296557,318000.0,2018-09-28,True,False,True,False,False,False,True,False,False,True,False,False,False,False,False,False,False,False,False,False,True,False,False,False,False,False,False,False,False,False
994,0.61,51.5019478,0.0541639,375000.0,2018-09-28,True,False,False,False,True,True,False,False,False,True,False,False,False,False,False,False,False,False,False,False,True,False,False,False,False,False,False,False,False,False
995,0.411,51.5344048,-0.1953097,462000.0,2018-09-28,True,False,False,False,True,True,False,False,False,False,False,True,False,False,False,True,False,False,False,False,False,False,False,False,False,False,False,False,False,False
996,0.6309999999999999,51.5788166368344,-0.0152572889757992,725000.0,2018-09-28,True,False,False,False,True,True,False,False,False,False,False,True,False,False,False,True,False,False,False,False,False,False,False,False,False,False,False,False,False,False
997,0.71,51.5548684,0.015275,478000.0,2018-09-28,True,False,False,False,True,True,False,False,False,True,False,False,False,False,False,False,False,False,False,False,True,False,False,False,False,False,False,False,False,False
998,0.51,51.5283946,-0.0682071,960000.0,2018-09-28,True,False,False,False,True,True,False,False,False,True,False,False,False,False,False,False,False,False,False,False,True,False,False,False,False,False,False,False,False,False
999,0.5199999999999999,51.6109975,-0.0180311,390000.0,2018-09-28,True,False,False,False,True,True,False,False,False,True,False,False,False,False,False,False,False,False,False,False,True,False,False,False,False,False,False,False,False,False
1000,0.51,51.4162099,-0.0493134,520000.0,2018-09-28,True,False,False,False,True,True,False,False,False,True,False,False,False,False,False,False,False,False,False,False,True,False,False,False,False,False,False,False,False,False
1001,0.4209999999999999,51.4616985666667,-0.1295282,525000.0,2018-09-28,True,False,False,False,True,True,False,False,False,False,False,True,False,False,False,True,False,False,False,False,False,False,False,False,False,False,False,False,False,False
1002,0.61,51.4221431,-0.0453886,800000.0,2018-09-28,True,False,False,True,False,True,False,False,False,True,False,False,False,False,False,False,False,False,False,False,True,False,False,False,False,False,False,False,False,False
1003,0.311,51.47522145,-0.0383216686596218,477500.0,2018-09-28,True,False,True,False,False,False,True,True,False,False,False,False,False,False,False,False,False,False,False,False,False,False,False,False,True,False,False,False,False,False
1004,0.5199999999999999,51.5301349,-0.204648,925000.0,2018-09-28,True,False,True,False,False,False,True,False,False,True,False,False,False,False,False,False,False,False,False,False,True,False,False,False,False,False,False,False,False,False
1005,0.51,51.4718486,-0.1890711,625000.0,2018-09-28,True,False,True,False,False,False,True,False,False,True,False,False,False,False,False,False,False,False,False,False,True,False,False,False,False,False,False,False,False,False
1006,0.5199999999999999,51.5417376,0.0505302,490000.0,2018-09-28,True,False,False,False,True,True,False,False,False,True,False,False,False,False,False,False,False,False,False,False,True,False,False,False,False,False,False,False,False,False
1007,0.51,51.5934368,-0.1887549,272000.0,2018-09-28,True,False,True,False,False,False,True,False,False,True,False,False,False,False,False,False,False,False,False,False,True,False,False,False,False,False,False,False,False,False
1008,0.61,51.4867869,-0.275325,930000.0,2018-09-28,True,False,False,False,True,True,False,False,False,True,False,False,False,False,False,False,False,False,False,False,True,False,False,False,False,False,False,False,False,False
1009,0.6199999999999999,51.630906,-0.0587523,340000.0,2018-09-28,True,False,False,False,True,True,False,False,False,True,False,False,False,False,False,False,False,False,False,False,True,False,False,False,False,False,False,False,False,False
1010,0.51,51.4893842,-0.2537957,1280000.0,2018-09-28,True,False,False,False,True,True,False,False,False,True,False,False,False,False,False,False,False,False,False,False,True,False,False,False,False,False,False,False,False,False
1011,0.51,51.6128332,-0.1816864,750000.0,2018-09-28,True,False,False,False,True,True,False,False,False,True,False,False,False,False,False,False,False,False,False,False,True,False,False,False,False,False,False,False,False,False
1012,0.51,51.6192321,-0.0746485,400000.0,2018-09-28,True,False,False,False,True,True,False,False,False,True,False,False,False,False,False,False,False,False,False,False,True,False,False,False,False,False,False,False,False,False
1013,0.51,51.6192954,-0.0755945,380250.0,2018-09-28,True,False,False,False,True,True,False,False,False,True,False,False,False,False,False,False,False,False,False,False,True,False,False,False,False,False,False,False,False,False
1014,0.51,51.5587734,-0.1257845,1610000.0,2018-09-28,True,False,False,False,True,True,False,False,False,True,False,False,False,False,False,False,False,False,False,False,True,False,False,False,False,False,False,False,False,False
1015,0.61,51.5540525,-0.2476362,337500.0,2018-09-28,True,False,False,False,True,False,True,False,False,True,False,False,False,False,False,False,False,False,False,False,True,False,False,False,False,False,False,False,False,False
1016,0.61,51.5982417,-0.107163,570000.0,2018-09-28,True,False,False,False,True,True,False,False,False,True,False,False,False,False,False,False,False,False,False,False,True,False,False,False,False,False,False,False,False,False
1017,0.51,51.5544798,-0.1401181,751500.0,2018-09-28,True,False,True,False,False,False,True,False,False,True,False,False,False,False,False,False,False,False,False,True,False,False,False,False,False,False,False,False,False,False
1018,0.51,51.5650975,-0.1994967,970000.0,2018-09-28,True,False,False,False,True,True,False,False,False,True,False,False,False,False,False,False,False,False,False,False,True,False,False,False,False,False,False,False,False,False
1019,0.71,51.5037341,-0.3364827,685000.0,2018-09-28,True,False,False,True,False,True,False,False,False,True,False,False,False,False,False,False,False,False,False,False,True,False,False,False,False,False,False,False,False,False
1020,0.61,51.5534725,-0.1732664,1210000.0,2018-09-28,True,False,True,False,False,False,True,False,False,True,False,False,False,False,False,False,False,False,False,False,True,False,False,False,False,False,False,False,False,False
1021,0.51,51.4800462,-0.2022633,568000.0,2018-09-28,True,False,True,False,False,False,True,False,False,True,False,False,False,False,False,False,False,False,False,True,False,False,False,False,False,False,False,False,False,False
1022,0.71,51.549129,-0.1307301,1008000.0,2018-09-28,True,False,False,False,True,True,False,False,False,True,False,False,False,False,False,False,False,False,False,False,True,False,False,False,False,False,False,False,False,False
1023,0.6777614384342969,51.590997,-0.1534208,800000.0,2018-09-28,True,False,False,False,True,True,False,False,False,False,False,True,False,False,False,False,False,True,False,False,False,False,False,False,False,False,False,False,False,False
1024,0.51,51.5483561,-0.1209147,350000.0,2018-09-28,True,False,True,False,False,False,True,False,False,True,False,False,False,False,False,False,False,False,False,False,True,False,False,False,False,False,False,False,False,False
1025,0.51,51.4885086,-0.2499329,2340000.0,2018-09-28,True,False,False,True,False,True,False,False,False,True,False,False,False,False,False,False,False,False,False,True,False,False,False,False,False,False,False,False,False,False
1026,0.51,51.5377851,0.0432134,450000.0,2018-09-28,True,False,False,False,True,True,False,False,False,True,False,False,False,False,False,False,False,False,False,False,True,False,False,False,False,False,False,False,False,False
1027,0.4209999999999999,51.5736539,-0.1371577,900000.0,2018-09-28,True,True,False,False,False,True,False,False,False,False,False,True,False,False,False,True,False,False,False,False,False,False,False,False,False,False,False,False,False,False
1028,0.621,51.5276899,-0.3347014,620000.0,2018-09-28,True,False,False,True,False,True,False,False,False,False,False,True,False,False,False,True,False,False,False,False,False,False,False,False,False,False,False,False,False,False
1029,0.5309999999999999,51.5993418,-0.0148354,465000.0,2018-09-28,True,False,False,False,True,True,False,False,False,False,False,True,False,False,False,True,False,False,False,False,False,False,False,False,False,False,False,False,False,False
1030,0.61,51.5455306,-0.2618247,592500.0,2018-09-28,True,False,False,False,True,True,False,False,False,True,False,False,False,False,False,False,False,False,False,False,True,False,False,False,False,False,False,False,False,False
1031,0.5199999999999999,51.5220331,-0.3357528,220000.0,2018-09-28,True,False,False,False,True,True,False,False,False,True,False,False,False,False,False,False,False,False,False,False,True,False,False,False,False,False,False,False,False,False
1032,0.51,51.4880092,-0.1459047,2250000.0,2018-09-28,True,False,False,False,True,True,False,False,False,True,False,False,False,False,False,False,False,False,False,False,True,False,False,False,False,False,False,False,False,False
1033,0.61,51.5454841,-0.1427676,850000.0,2018-09-28,True,False,False,False,True,True,False,False,False,True,False,False,False,False,False,False,False,False,False,False,True,False,False,False,False,False,False,False,False,False
1034,0.61,51.5574875,-0.0992949,699950.0,2018-09-28,True,False,True,False,False,True,False,False,False,True,False,False,False,False,False,False,False,False,False,False,False,False,False,False,False,False,False,False,True,False
1035,0.51,51.5986203,-0.0809589,300000.0,2018-09-28,True,False,False,False,True,True,False,False,False,True,False,False,False,False,False,False,False,False,False,False,True,False,False,False,False,False,False,False,False,False
1036,0.71,51.5753118,-0.2398903,450000.0,2018-09-28,True,False,False,True,False,True,False,False,False,True,False,False,False,False,False,False,False,False,False,False,False,False,False,False,False,False,True,False,False,False
